time,gFx,gFy,gFz,ax,ay,az,wx,wy,wz,P(Pa)
2022-04-27 11:44:56.4400,-0.343,-0.52,-0.875,3.39,-0.84,0.94,0.21,-0.15746179223060608,0.23,100322.06
2022-04-27 11:44:56.4480,-0.316,-0.596,-0.771,2.84,0.42,-0.82,0.16,-0.16,0.23,100322.06
2022-04-27 11:44:56.4580,-0.312,-0.638,-0.727,2.84,0.42,-0.82,0.03,-0.24,0.29,100322.06
2022-04-27 11:44:56.4680,-0.359,-0.659,-0.727,3.21,0.78,-0.9,-0.14,-0.43,0.33,100322.06
2022-04-27 11:44:56.4780,-0.411,-0.615,-0.773,3.63,0.6,-0.67,-0.23,-0.46,0.27,100322.06
2022-04-27 11:44:56.4880,-0.406,-0.554,-0.789,3.88,0.01,-0.23,-0.26,-0.31,0.14,100322.06
2022-04-27 11:44:56.4980,-0.348,-0.51,-0.803,3.38,-0.47,-0.36,-0.39,0.04,-0.08,100322.06
2022-04-27 11:44:56.5070,-0.244,-0.499,-0.836,2.64,-0.67,0.1,-0.39,0.04,-0.08,100322.06
2022-04-27 11:44:56.5180,-0.122,-0.478,-0.874,1.31,-0.74,0.23,-0.41,-0.28,0.08,100322.06
2022-04-27 11:44:56.5270,-0.073,-0.449,-0.953,0.56,-1.01,0.96,-0.41,-0.28,0.08,100322.06
2022-04-27 11:44:56.5370,-0.068,-0.421,-1.021,0.29,-1.23,1.65,-0.25,-0.6,0.22,100322.06
2022-04-27 11:44:56.5470,-0.12,-0.387,-1.048,0.51,-1.55,2.12,-0.01,-0.83,0.34,100322.06
2022-04-27 11:44:56.5570,-0.208,-0.367,-1.017,1.2,-1.85,2.02,0.33,-0.81,0.27,100322.06
2022-04-27 11:44:56.5670,-0.267,-0.383,-0.952,1.87,-1.85,1.51,0.33,-0.81,0.27,100322.06
2022-04-27 11:44:56.5770,-0.289,-0.419,-0.879,2.13,-1.57,0.8,0.34,-0.67,0.17,100322.06
2022-04-27 11:44:56.5870,-0.285,-0.472,-0.824,2.13,-1.14,0.2,0.28,-0.54,0.1,100322.06
2022-04-27 11:44:56.5970,-0.276,-0.514,-0.787,1.98,-0.65,-0.21,0.19,-0.48,0.06,100322.06
2022-04-27 11:44:56.6070,-0.274,-0.533,-0.767,1.89,-0.41,-0.46,0.08,-0.48,0.03,100322.06
2022-04-27 11:44:56.6170,-0.291,-0.54,-0.773,1.93,-0.29,-0.51,-0.01,-0.49,0.02,100322.06
2022-04-27 11:44:56.6270,-0.317,-0.526,-0.797,2.15,-0.35,-0.31,-0.05,-0.48,-0.01,100322.06
2022-04-27 11:44:56.6370,-0.33,-0.511,-0.814,2.31,-0.51,-0.09,-0.03,-0.43,-0.04,100322.06
2022-04-27 11:44:56.6470,-0.316,-0.509,-0.81,2.25,-0.59,-0.05,0.0,-0.35,-0.06,100322.06
2022-04-27 11:44:56.6570,-0.279,-0.518,-0.797,1.94,-0.52,-0.16,0.02,-0.26,-0.02,100322.06
2022-04-27 11:44:56.6670,-0.23,-0.532,-0.782,1.46,-0.42,-0.29,0.02,-0.26,-0.02,100322.06
2022-04-27 11:44:56.6770,-0.198,-0.551,-0.773,1.04,-0.23,-0.42,-0.02,-0.29,0.03,100322.06
2022-04-27 11:44:56.6870,-0.183,-0.554,-0.777,0.81,-0.11,-0.42,-0.11,-0.36,0.06,100322.06
2022-04-27 11:44:56.6970,-0.184,-0.534,-0.791,0.71,-0.22,-0.34,-0.22,-0.41,0.05,100322.06
2022-04-27 11:44:56.7060,-0.184,-0.522,-0.822,0.71,-0.37,-0.1,-0.31,-0.4,0.02,100322.06
2022-04-27 11:44:56.7160,-0.174,-0.515,-0.851,0.62,-0.4,0.19,-0.37,-0.32,0.01,100322.06
2022-04-27 11:44:56.7260,-0.165,-0.506,-0.873,0.49,-0.46,0.42,-0.4,-0.2,0.02,100322.06
2022-04-27 11:44:56.7370,-0.164,-0.507,-0.885,0.44,-0.46,0.54,-0.41,-0.06,0.06,100322.06
2022-04-27 11:44:56.7460,-0.16,-0.517,-0.895,0.43,-0.35,0.62,-0.41,0.09,0.11,100322.06
2022-04-27 11:44:56.7560,-0.148,-0.523,-0.904,0.34,-0.24,0.69,-0.33,0.32,0.24,100322.06
2022-04-27 11:44:56.7660,-0.124,-0.53,-0.907,0.19,-0.16,0.72,-0.33,0.32,0.24,100322.06
2022-04-27 11:44:56.7760,-0.076,-0.543,-0.902,-0.21,-0.01,0.69,-0.26,0.26,0.44,100322.06
2022-04-27 11:44:56.7860,-0.041,-0.537,-0.89,-0.64,0.05,0.57,-0.26,0.26,0.44,100322.06
2022-04-27 11:44:56.7960,-0.023,-0.572,-0.885,-0.9,0.19,0.46,-0.26,0.14,0.53,100322.06
2022-04-27 11:44:56.8060,-0.058,-0.58,-0.889,-0.8,0.54,0.47,-0.25,-0.03,0.57,100322.06
2022-04-27 11:44:56.8160,-0.125,-0.568,-0.893,-0.3,0.38,0.49,-0.24,-0.21,0.56,100322.06
2022-04-27 11:44:56.8260,-0.163,-0.602,-0.903,0.31,0.61,0.6,-0.24,-0.37,0.47,100322.06
2022-04-27 11:44:56.8360,-0.15,-0.612,-0.869,0.17,0.87,0.42,-0.26,-0.51,0.49,100322.06
2022-04-27 11:44:56.8460,-0.14,-0.618,-0.842,0.03,0.93,0.06,-0.26,-0.6,0.54,100322.06
2022-04-27 11:44:56.8560,-0.121,-0.644,-0.824,-0.23,1.13,-0.12,-0.26,-0.6,0.54,100322.06
2022-04-27 11:44:56.8650,-0.126,-0.645,-0.806,-0.35,1.33,-0.31,-0.22,-0.73,0.67,100322.06
2022-04-27 11:44:56.8760,-0.129,-0.64,-0.799,-0.37,1.23,-0.43,-0.22,-0.73,0.67,100322.06
2022-04-27 11:44:56.8810,-0.103,-0.686,-0.798,-0.64,1.56,-0.44,-0.17,-0.85,0.76,100322.06
2022-04-27 11:44:56.8950,-0.103,-0.718,-0.791,-0.94,2.0,-0.47,-0.17,-1.06,0.88,100322.06
2022-04-27 11:44:56.9060,-0.165,-0.738,-0.78,-0.7,2.27,-0.57,-0.22,-1.33,0.95,100322.06
2022-04-27 11:44:56.9150,-0.263,-0.746,-0.782,0.0,2.41,-0.58,-0.24,-1.51,0.92,100322.06
2022-04-27 11:44:56.9250,-0.354,-0.754,-0.783,0.83,2.52,-0.51,-0.23,-1.54,0.78,100322.06
2022-04-27 11:44:56.9350,-0.383,-0.755,-0.756,1.22,2.62,-0.65,-0.23,-1.41,0.61,100322.06
2022-04-27 11:44:56.9450,-0.357,-0.742,-0.723,1.02,2.57,-0.97,-0.31,-1.22,0.52,100322.06
2022-04-27 11:44:56.9550,-0.302,-0.736,-0.709,0.42,2.51,-1.19,-0.5,-0.84,0.63,100322.06
2022-04-27 11:44:56.9650,-0.255,-0.726,-0.715,-0.18,2.52,-1.18,-0.55,-0.76,0.75,100322.06
2022-04-27 11:44:56.9750,-0.221,-0.709,-0.724,-0.65,2.4,-1.1,-0.58,-0.79,0.88,100322.06
2022-04-27 11:44:56.9850,-0.208,-0.68,-0.725,-1.03,2.33,-1.05,-0.58,-0.79,0.88,100322.06
2022-04-27 11:44:56.9950,-0.233,-0.636,-0.739,-0.98,1.95,-0.99,-0.57,-0.88,0.92,100322.06
2022-04-27 11:44:57.0050,-0.274,-0.63,-0.762,-0.73,1.77,-0.76,-0.5,-1.04,0.88,100322.06
2022-04-27 11:44:57.0150,-0.288,-0.615,-0.775,-0.61,1.84,-0.57,-0.24,-1.26,0.69,100322.06
2022-04-27 11:44:57.0250,-0.292,-0.59,-0.755,-0.65,1.55,-0.58,-0.24,-1.26,0.69,100322.06
2022-04-27 11:44:57.0350,-0.278,-0.603,-0.725,-0.88,1.62,-0.85,-0.13,-1.28,0.61,100322.06
2022-04-27 11:44:57.0450,-0.274,-0.599,-0.699,-1.11,1.77,-1.06,-0.1,-1.32,0.57,100322.06
2022-04-27 11:44:57.0550,-0.262,-0.585,-0.66,-1.27,1.49,-1.37,-0.18,-1.37,0.56,100322.06
2022-04-27 11:44:57.0640,-0.236,-0.635,-0.658,-1.66,1.99,-1.52,-0.24,-1.35,0.57,100322.06
2022-04-27 11:44:57.0750,-0.245,-0.583,-0.652,-1.86,1.92,-1.44,-0.44,-1.31,0.63,100322.06
2022-04-27 11:44:57.0840,-0.266,-0.581,-0.647,-1.77,1.56,-1.56,-0.44,-1.31,0.63,100322.06
2022-04-27 11:44:57.0940,-0.277,-0.596,-0.69,-1.75,1.95,-1.2,-0.49,-1.24,0.62,100322.06
2022-04-27 11:44:57.1040,-0.321,-0.539,-0.7,-1.62,1.61,-0.94,-0.5,-1.17,0.59,100322.06
2022-04-27 11:44:57.1140,-0.356,-0.537,-0.731,-1.22,1.37,-0.72,-0.49,-1.12,0.49,100322.06
2022-04-27 11:44:57.1240,-0.337,-0.56,-0.743,-1.32,1.7,-0.45,-0.34,-0.93,0.34,100322.06
2022-04-27 11:44:57.1340,-0.311,-0.534,-0.74,-1.71,1.58,-0.39,-0.34,-0.93,0.34,100322.06
2022-04-27 11:44:57.1440,-0.295,-0.539,-0.722,-1.9,1.6,-0.5,-0.3,-0.95,0.19,100322.06
2022-04-27 11:44:57.1540,-0.233,-0.524,-0.714,-2.47,1.53,-0.63,-0.3,-0.95,0.19,100322.06
2022-04-27 11:44:57.1640,-0.219,-0.536,-0.732,-2.96,1.57,-0.48,-0.26,-1.05,0.15,100322.06
2022-04-27 11:44:57.1740,-0.214,-0.569,-0.748,-3.05,1.87,-0.21,-0.21,-1.16,0.18,100322.06
2022-04-27 11:44:57.1840,-0.299,-0.517,-0.719,-2.82,1.86,-0.28,-0.16,-1.03,0.15,100322.06
2022-04-27 11:44:57.1940,-0.452,-0.394,-0.673,-1.3,0.61,-0.71,-0.24,-0.58,-0.07,100322.06
2022-04-27 11:44:57.2040,-0.405,-0.483,-0.657,-0.94,0.68,-0.98,-0.37,0.03,-0.32,100322.06
2022-04-27 11:44:57.2140,-0.299,-0.62,-0.628,-1.99,2.08,-1.2,-0.56,0.47,-0.47,100322.06
2022-04-27 11:44:57.2240,-0.267,-0.616,-0.502,-2.51,2.82,-2.02,-1.62,0.98,-0.75,100322.06
2022-04-27 11:44:57.2340,-0.022,-0.688,-0.341,-3.57,2.71,-3.87,-1.62,0.98,-0.75,100322.06
2022-04-27 11:44:57.2430,0.135,-0.725,-0.399,-6.16,4.06,-4.44,-2.44,1.47,-0.63,100322.06
2022-04-27 11:44:57.2530,0.146,-0.604,-0.61,-6.13,3.23,-2.73,-2.44,1.47,-0.63,100322.06
2022-04-27 11:44:57.2630,0.205,-0.524,-0.777,-6.49,2.4,-1.01,-2.39,1.56,-0.47,100322.06
2022-04-27 11:44:57.2740,0.291,-0.452,-0.881,-6.93,1.82,0.06,-1.99,1.82,-0.45,100322.06
2022-04-27 11:44:57.2830,0.434,-0.451,-0.945,-8.18,1.7,0.73,-1.71,1.83,-0.36,100322.06
2022-04-27 11:44:57.2930,0.467,-0.437,-0.956,-8.9,1.82,0.89,-1.5,1.34,-0.27,100322.06
2022-04-27 11:44:57.3030,0.336,-0.468,-1.006,-8.12,1.87,1.1,-0.69,0.02,-0.63,100322.06
2022-04-27 11:44:57.3130,0.141,-0.502,-1.046,-6.16,2.4,1.63,-0.69,0.02,-0.63,100322.06
2022-04-27 11:44:57.3230,0.061,-0.53,-0.998,-4.93,2.64,1.48,0.07,0.26,-1.21,100322.06
2022-04-27 11:44:57.3330,0.077,-0.572,-0.869,-4.58,2.88,0.59,0.07,0.26,-1.21,100322.06
2022-04-27 11:44:57.3430,0.239,-0.687,-0.701,-5.68,3.71,-1.21,-0.14,1.4,-0.96,100322.06
2022-04-27 11:44:57.3530,0.35,-0.771,-0.624,-7.08,4.84,-2.31,-0.14,1.4,-0.96,100322.06
2022-04-27 11:44:57.3630,0.405,-0.806,-0.598,-7.16,4.97,-2.74,-0.47,1.76,-0.54,100322.06
2022-04-27 11:44:57.3730,0.516,-0.926,-0.69,-8.56,6.32,-2.71,-0.7,2.22,-0.02,100322.06
2022-04-27 11:44:57.3830,0.319,-0.886,-0.902,-7.22,6.4,-0.77,-0.76,2.47,0.36,100322.06
2022-04-27 11:44:57.3930,0.133,-0.919,-1.074,-5.09,6.43,0.87,-0.22,1.99,0.41,100314.812
2022-04-27 11:44:57.4030,-0.087,-0.969,-1.257,-2.92,7.03,2.6,-0.22,1.99,0.41,100314.812
2022-04-27 11:44:57.4120,-0.322,-0.997,-1.381,-0.44,7.29,4.08,0.25,1.53,0.03,100314.812
2022-04-27 11:44:57.4220,-0.439,-1.096,-1.421,1.45,7.88,4.73,1.35,1.11,-0.93,100314.812
2022-04-27 11:44:57.4320,-0.388,-1.204,-1.385,1.62,8.89,4.66,1.35,1.11,-0.93,100314.812
2022-04-27 11:44:57.4430,-0.272,-1.324,-1.321,0.64,9.73,4.04,1.64,0.9,-1.02,100314.812
2022-04-27 11:44:57.4520,-0.32,-1.494,-1.351,0.35,11.12,3.9,1.8,0.6,-0.88,100314.812
2022-04-27 11:44:57.4620,-0.608,-1.583,-1.494,2.39,12.25,5.01,1.99,0.28,-0.83,100314.812
2022-04-27 11:44:57.4720,-0.981,-1.578,-1.72,6.17,12.16,7.0,2.33,0.1,-1.15,100314.812
2022-04-27 11:44:57.4820,-1.149,-1.566,-1.961,8.81,11.84,9.56,2.91,0.07,-1.7,100314.812
2022-04-27 11:44:57.4920,-1.068,-1.501,-2.119,8.92,11.01,11.59,3.61,-0.04,-2.13,100314.812
2022-04-27 11:44:57.5030,-0.795,-1.481,-2.145,7.02,10.13,12.55,4.28,-0.31,-2.33,100314.812
2022-04-27 11:44:57.5130,-0.468,-1.445,-2.091,3.64,9.6,12.44,4.77,-1.01,-2.28,100314.812
2022-04-27 11:44:57.5230,-0.299,-1.392,-1.965,1.39,8.5,11.83,5.02,-2.98,-2.21,100314.812
2022-04-27 11:44:57.5320,-0.284,-1.35,-1.77,0.44,7.81,10.4,5.02,-2.98,-2.21,100314.812
2022-04-27 11:44:57.5420,-0.536,-1.209,-1.586,1.83,6.29,8.89,4.7,-3.37,-2.38,100314.812
2022-04-27 11:44:57.5520,-0.919,-1.037,-1.406,5.22,4.49,7.4,4.02,-3.13,-2.59,100314.812
2022-04-27 11:44:57.5620,-1.249,-0.779,-1.233,9.54,1.04,6.31,2.97,-2.7,-2.8,100314.812
2022-04-27 11:44:57.5720,-1.054,-1.197,-0.995,8.73,3.25,3.65,2.18,-1.02,-2.9,100314.812
2022-04-27 11:44:57.5820,-0.982,-1.375,-1.049,8.18,5.89,3.74,1.6,0.26,-2.78,100314.812
2022-04-27 11:44:57.5910,-1.085,-0.802,-1.182,8.17,3.49,4.35,1.19,0.69,-2.38,100314.812
2022-04-27 11:44:57.6010,-0.863,-0.785,-1.536,8.16,-0.83,7.43,2.27,0.7,-1.35,100314.812
2022-04-27 11:44:57.6110,-0.781,-1.06,-1.856,5.89,2.32,11.0,2.27,0.7,-1.35,100314.812
2022-04-27 11:44:57.6210,-1.155,-0.931,-1.944,8.57,2.02,13.45,3.32,-0.97,-1.7,100314.812
2022-04-27 11:44:57.6310,-1.17,-1.107,-1.623,10.69,1.79,11.49,4.28,-2.21,-2.65,100314.812
2022-04-27 11:44:57.6410,-0.96,-1.221,-1.403,9.07,3.58,9.57,4.54,-3.31,-3.24,100314.812
2022-04-27 11:44:57.6510,-0.792,-1.335,-1.11,7.15,3.97,6.99,4.54,-3.31,-3.24,100314.812
2022-04-27 11:44:57.6610,-0.818,-1.448,-1.177,7.08,4.74,6.8,4.25,-2.87,-2.98,100314.812
2022-04-27 11:44:57.6710,-0.699,-1.734,-1.344,6.4,7.64,8.25,4.18,-1.81,-2.54,100314.812
2022-04-27 11:44:57.6810,-0.654,-1.716,-1.798,5.98,7.4,12.25,4.4,-1.17,-1.94,100314.812
2022-04-27 11:44:57.6910,-0.571,-1.768,-2.225,5.34,8.29,17.42,5.18,-1.53,-1.51,100314.812
2022-04-27 11:44:57.7010,-0.484,-1.538,-2.441,4.64,6.52,20.96,6.42,-2.78,-1.42,100314.812
2022-04-27 11:44:57.7120,-0.272,-1.325,-2.314,3.2,4.09,21.88,7.9,-4.1,-1.37,100314.812
2022-04-27 11:44:57.7210,0.028,-1.113,-1.886,0.44,1.92,19.5,9.14,-5.03,-1.15,100314.812
2022-04-27 11:44:57.7310,0.249,-0.865,-1.28,-2.13,-0.27,15.08,10.32,-5.08,-0.54,100314.812
2022-04-27 11:44:57.7410,0.348,-0.459,-0.588,-3.38,-3.57,9.5,10.32,-5.08,-0.54,100314.812
2022-04-27 11:44:57.7510,0.461,0.095,0.068,-4.0,-8.29,3.76,9.82,-4.65,-0.48,100314.812
2022-04-27 11:44:57.7610,0.904,0.729,0.589,-6.79,-14.28,-1.23,8.48,-4.23,-0.41,100314.812
2022-04-27 11:44:57.7700,1.441,1.176,0.679,-12.34,-19.25,-3.39,7.05,-3.9,0.04,100314.812
2022-04-27 11:44:57.7800,1.566,1.589,0.365,-15.03,-22.83,-0.68,6.16,-4.59,0.52,100314.812
2022-04-27 11:44:57.7900,1.388,2.062,0.297,-14.16,-27.19,2.07,5.62,-5.72,0.6,100314.812
2022-04-27 11:44:57.8000,0.846,2.357,0.758,-9.78,-30.76,-0.3,4.62,-5.55,0.32,100314.812
2022-04-27 11:44:57.8110,0.484,2.422,1.337,-4.56,-32.07,-6.02,2.46,-3.97,-0.15,100314.812
2022-04-27 11:44:57.8210,0.549,2.219,1.585,-3.8,-31.09,-10.04,-0.3,-1.65,-0.07,100314.812
2022-04-27 11:44:57.8310,0.646,2.01,1.404,-5.24,-28.52,-9.84,-2.84,0.81,0.58,100314.812
2022-04-27 11:44:57.8410,0.524,2.048,0.937,-5.02,-28.67,-6.69,-4.9,2.61,1.23,100314.812
2022-04-27 11:44:57.8510,0.286,1.934,0.129,-3.12,-28.34,-0.53,-6.26,2.8,1.22,100314.812
2022-04-27 11:44:57.8600,0.15,1.666,-0.783,-1.4,-26.78,8.13,-5.48,0.83,0.57,100314.812
2022-04-27 11:44:57.8700,0.042,1.332,-1.229,-0.57,-23.61,13.93,-5.48,0.83,0.57,100314.812
2022-04-27 11:44:57.8800,-0.006,0.916,-1.264,0.35,-20.16,15.37,-3.74,0.12,0.15,100314.812
2022-04-27 11:44:57.8900,0.058,0.472,-0.92,-0.09,-15.64,12.67,-3.74,0.12,0.15,100314.812
2022-04-27 11:44:57.9000,0.113,0.254,-0.502,-0.66,-12.69,8.29,-3.68,0.56,0.1,100314.812
2022-04-27 11:44:57.9100,0.155,0.15,-0.183,-1.28,-11.48,4.25,-3.99,1.33,-0.11,100314.812
2022-04-27 11:44:57.9200,0.407,-0.075,-0.145,-2.14,-10.21,2.31,-4.67,1.52,0.13,100314.812
2022-04-27 11:44:57.9300,0.895,-0.293,-0.097,-7.25,-7.22,1.81,-4.67,1.52,0.13,100314.812
2022-04-27 11:44:57.9400,0.844,-0.211,-0.343,-8.76,-7.51,1.96,-5.0,1.23,0.43,100314.812
2022-04-27 11:44:57.9490,0.633,-0.293,-0.87,-6.87,-7.32,6.31,-4.63,0.43,0.37,100314.812
2022-04-27 11:44:57.9590,0.375,-0.329,-1.193,-4.59,-6.62,10.24,-2.81,-0.92,-0.24,100314.812
2022-04-27 11:44:57.9690,0.16,-0.396,-1.115,-2.05,-6.22,10.62,-2.35,-0.77,-0.38,100314.812
2022-04-27 11:44:57.9790,0.11,-0.489,-0.882,-0.98,-5.25,8.27,-2.35,-0.77,-0.38,100314.812
2022-04-27 11:44:57.9890,0.135,-0.561,-0.71,-1.03,-4.45,6.01,-2.28,-0.28,-0.21,100314.812
2022-04-27 11:44:58.0000,0.151,-0.584,-0.678,-1.32,-3.92,4.93,-2.22,0.43,0.42,100314.812
2022-04-27 11:44:58.0090,0.139,-0.519,-0.766,-1.3,-4.25,5.21,-1.91,0.07,0.51,100314.812
2022-04-27 11:44:58.0190,0.125,-0.482,-0.949,-1.17,-4.79,6.42,-1.37,-0.69,0.53,100314.812
2022-04-27 11:44:58.0290,0.123,-0.415,-1.066,-1.2,-5.1,8.1,-0.51,-1.47,0.55,100314.812
2022-04-27 11:44:58.0390,0.151,-0.232,-1.046,-1.31,-6.62,8.18,-0.51,-1.47,0.55,100314.812
2022-04-27 11:44:58.0490,0.246,-0.032,-0.806,-2.27,-8.37,6.85,0.74,-2.01,0.75,100314.812
2022-04-27 11:44:58.0590,0.288,0.237,-0.529,-2.94,-11.0,3.72,0.74,-2.01,0.75,100314.812
2022-04-27 11:44:58.0690,0.408,0.29,-0.453,-3.82,-12.53,2.64,1.36,-1.89,0.88,100314.812
2022-04-27 11:44:58.0790,0.606,0.258,-0.299,-5.72,-12.2,1.71,1.9,-1.86,1.11,100314.812
2022-04-27 11:44:58.0890,0.813,0.238,-0.155,-7.98,-12.09,0.23,2.13,-2.27,1.53,100314.812
2022-04-27 11:44:58.0990,0.912,0.238,-0.166,-9.75,-11.9,0.07,2.46,-3.2,1.99,100314.812
2022-04-27 11:44:58.1090,0.795,0.422,-0.131,-9.73,-12.79,0.42,2.74,-4.18,2.4,100314.812
2022-04-27 11:44:58.1180,0.55,0.774,-0.113,-7.73,-16.05,0.3,3.03,-4.49,2.43,100314.812
2022-04-27 11:44:58.1290,0.41,0.969,-0.127,-6.25,-18.56,0.9,3.43,-4.21,2.24,100314.812
2022-04-27 11:44:58.1380,0.291,1.172,0.049,-5.06,-20.34,0.57,3.7,-3.72,1.92,100314.812
2022-04-27 11:44:58.1480,0.373,1.245,0.328,-5.47,-21.79,-2.29,3.36,-2.88,1.68,100314.812
2022-04-27 11:44:58.1580,0.634,1.115,0.631,-6.48,-21.66,-3.02,2.05,-3.54,2.51,100314.812
2022-04-27 11:44:58.1680,1.343,0.457,1.377,-13.89,-15.97,-10.58,-0.62,-0.41,3.95,100314.812
2022-04-27 11:44:58.1780,0.852,0.802,1.015,-13.85,-15.06,-11.3,-1.46,0.84,4.82,100314.812
2022-04-27 11:44:58.1880,0.716,0.696,0.911,-10.29,-17.36,-8.03,-2.41,2.11,5.48,100314.812
2022-04-27 11:44:58.1980,0.499,0.699,1.028,-9.96,-15.28,-9.11,-2.41,2.11,5.48,100314.812
2022-04-27 11:44:58.2090,0.189,0.549,1.035,-7.43,-15.28,-10.61,-4.67,3.45,5.9,100314.812
2022-04-27 11:44:58.2180,-0.357,0.294,0.787,-3.71,-12.21,-9.26,-5.71,3.44,5.51,100314.812
2022-04-27 11:44:58.2280,-0.96,-0.034,0.5,1.95,-9.08,-7.11,-5.71,3.44,5.51,100314.812
2022-04-27 11:44:58.2380,-1.478,-0.279,0.185,7.08,-5.85,-5.19,-6.75,3.92,5.16,100314.812
2022-04-27 11:44:58.2480,-1.83,-0.47,-0.476,10.89,-3.31,-0.94,-7.41,5.21,4.58,100314.812
2022-04-27 11:44:58.2580,-2.125,-0.508,-1.348,13.53,-1.64,6.48,-7.41,5.21,4.58,100314.812
2022-04-27 11:44:58.2680,-2.518,-0.452,-2.197,17.07,-1.64,14.32,-6.63,5.52,3.67,100314.812
2022-04-27 11:44:58.2790,-2.739,-0.316,-2.539,20.65,-2.38,19.42,-5.68,5.58,2.07,100314.812
2022-04-27 11:44:58.2880,-2.227,-0.537,-2.351,18.85,-1.65,18.41,-5.19,5.65,0.66,100314.812
2022-04-27 11:44:58.2980,-1.452,-0.842,-1.952,11.22,2.32,14.4,-5.4,5.82,0.32,100314.812
2022-04-27 11:44:58.3070,-1.211,-0.829,-1.771,7.09,3.52,10.57,-5.86,6.5,0.34,100314.812
2022-04-27 11:44:58.3170,-1.417,-0.712,-2.054,8.43,3.09,11.19,-5.94,7.18,0.05,100314.812
2022-04-27 11:44:58.3270,-1.391,-0.636,-2.573,10.4,2.39,15.2,-5.36,7.56,-0.29,100314.812
2022-04-27 11:44:58.3380,-1.116,-0.707,-3.034,8.48,2.99,19.68,-4.07,7.46,-0.24,100314.812
2022-04-27 11:44:58.3490,-1.115,-0.888,-3.327,7.87,4.54,23.05,-2.34,6.87,-0.19,100314.812
2022-04-27 11:44:58.3580,-1.278,-0.959,-3.221,9.96,5.85,23.57,-0.84,5.64,-0.54,100304.436
2022-04-27 11:44:58.3680,-1.282,-0.828,-2.649,10.99,5.59,19.5,0.17,4.81,-1.06,100304.436
2022-04-27 11:44:58.3780,-0.975,-1.513,-2.556,9.47,6.15,14.69,0.7,1.66,-0.97,100304.436
2022-04-27 11:44:58.3870,-1.537,-2.767,-2.862,10.19,21.73,18.75,0.7,1.66,-0.97,100304.436
2022-04-27 11:44:58.3980,-3.304,-2.143,-2.262,23.9,20.17,17.32,-1.37,0.64,-1.14,100304.436
2022-04-27 11:44:58.4080,-4.892,-1.198,-0.276,44.46,12.67,-1.13,-5.6,8.32,-1.81,100304.436
2022-04-27 11:44:58.4170,-2.993,-0.654,-1.273,41.45,5.15,-1.84,-2.45,18.69,-3.92,100304.436
2022-04-27 11:44:58.4270,-0.694,0.64,-1.822,16.2,-3.07,6.97,-2.45,18.69,-3.92,100304.436
2022-04-27 11:44:58.4370,0.593,1.131,-1.915,3.03,-12.54,10.69,1.57,10.96,-3.23,100304.436
2022-04-27 11:44:58.4470,1.476,1.069,-2.276,-5.92,-12.99,12.71,1.57,10.96,-3.23,100304.436
2022-04-27 11:44:58.4570,2.194,0.549,-1.488,-12.63,-10.53,12.4,3.24,6.99,-2.65,100304.436
2022-04-27 11:44:58.4670,3.177,-1.567,-0.83,-21.64,4.49,1.89,2.93,4.92,-1.94,100304.436
2022-04-27 11:44:58.4770,2.161,-1.053,-1.099,-20.84,15.61,2.8,1.95,2.48,-0.18,100304.436
2022-04-27 11:44:58.4860,1.031,0.069,-1.028,-5.34,-3.05,4.75,2.17,1.42,2.46,100304.436
2022-04-27 11:44:58.4990,0.359,-0.306,-0.811,-0.06,0.83,1.67,2.27,1.04,2.59,100304.436
2022-04-27 11:44:58.5060,-0.448,0.522,-0.882,9.52,-6.18,2.09,2.27,1.04,2.59,100304.436
2022-04-27 11:44:58.5160,-0.415,-0.011,-0.98,11.09,-5.54,3.25,2.22,-0.36,2.51,100304.436
2022-04-27 11:44:58.5260,-0.705,0.195,-0.863,12.54,-3.92,2.86,2.22,-0.36,2.51,100304.436
2022-04-27 11:44:58.5360,-0.688,-0.042,-0.929,14.0,-6.17,2.65,2.7,-1.51,2.42,100304.436
2022-04-27 11:44:58.5460,-0.592,-0.73,-0.93,12.06,1.62,3.25,2.7,-1.51,2.42,100304.436
2022-04-27 11:44:58.5570,-1.071,-0.135,-0.737,14.38,0.0,2.18,3.26,-1.92,2.37,100304.436
2022-04-27 11:44:58.5660,-1.369,0.053,-0.459,19.28,-6.58,-0.66,3.48,-2.52,2.12,100304.436
2022-04-27 11:44:58.5760,-1.16,-0.402,-0.505,17.93,-2.3,-1.59,3.38,-2.67,1.46,100304.436
2022-04-27 11:44:58.5860,-0.862,-0.358,-0.437,15.53,-2.22,-1.31,2.78,-2.59,0.5,100304.436
2022-04-27 11:44:58.5960,-0.398,-0.534,-0.507,10.6,-0.8,-1.43,2.78,-2.59,0.5,100304.436
2022-04-27 11:44:58.6060,-0.182,-0.61,-0.751,7.57,-0.11,0.57,2.24,-3.1,0.46,100304.436
2022-04-27 11:44:58.6160,-0.031,-0.626,-0.697,5.9,0.58,1.33,2.01,-3.49,-0.06,100304.436
2022-04-27 11:44:58.6270,0.068,-0.146,-0.276,4.08,-2.99,-1.69,3.82,-2.85,-0.65,100304.436
2022-04-27 11:44:58.6300,0.262,-0.142,0.166,3.35,-5.71,-5.56,3.82,-2.85,-0.65,100304.436
2022-04-27 11:44:58.6450,0.881,-0.442,0.81,-1.56,-2.57,-11.37,4.19,-3.56,-0.93,100304.436
2022-04-27 11:44:58.6550,1.445,-0.939,0.92,-9.14,-0.42,-16.35,2.63,-3.82,-0.06,100304.436
2022-04-27 11:44:58.6670,0.771,-2.078,-0.716,-7.04,10.45,-6.97,-3.08,-0.27,2.33,100304.436
2022-04-27 11:44:58.6750,-0.414,-0.977,-2.094,3.96,8.81,12.65,-3.08,-0.27,2.33,100304.436
2022-04-27 11:44:58.6860,0.053,-1.289,-1.991,6.65,1.4,12.58,-3.63,0.94,1.77,100304.436
2022-04-27 11:44:58.6950,0.514,-1.622,-2.276,-0.63,11.76,15.18,-2.35,0.28,1.86,100304.436
2022-04-27 11:44:58.7070,0.978,-0.855,-2.081,-4.0,3.5,14.13,-1.02,-0.07,1.41,100304.436
2022-04-27 11:44:58.7160,1.497,-0.943,-1.882,-10.25,2.75,13.31,0.27,-1.45,1.86,100304.436
2022-04-27 11:44:58.7250,1.155,-0.841,-1.156,-9.67,1.95,7.38,1.59,-2.13,2.08,100304.436
2022-04-27 11:44:58.7350,1.04,-0.923,-0.917,-8.45,2.17,2.12,4.03,-5.04,2.09,100304.436
2022-04-27 11:44:58.7460,0.54,-0.891,-0.416,-4.34,1.51,1.68,4.03,-5.04,2.09,100304.436
2022-04-27 11:44:58.7550,0.593,-1.124,1.036,-3.71,2.99,-12.05,3.43,-6.08,1.76,100304.436
2022-04-27 11:44:58.7660,0.676,-1.01,0.768,-5.98,3.04,-16.95,1.98,-6.41,2.07,100304.436
2022-04-27 11:44:58.7750,0.19,-0.867,-0.003,-3.25,1.72,-8.42,1.25,-6.47,2.58,100304.436
2022-04-27 11:44:58.7850,-0.184,-0.503,-0.056,0.75,-1.54,-4.77,1.18,-5.57,2.59,100304.436
2022-04-27 11:44:58.7950,-0.131,-0.586,0.088,1.56,-2.81,-7.02,0.94,-5.09,2.66,100304.436
2022-04-27 11:44:58.8050,0.236,-0.726,0.064,-2.32,-0.73,-6.15,0.54,-4.9,3.62,100304.436
2022-04-27 11:44:58.8150,0.044,-0.626,0.189,-3.18,-1.11,-7.55,0.19,-5.2,3.65,100304.436
2022-04-27 11:44:58.8250,-0.263,-0.561,0.106,-0.74,-1.9,-7.05,0.19,-5.2,3.65,100304.436
2022-04-27 11:44:58.8340,-0.555,-0.532,0.066,1.76,-2.54,-6.58,-0.37,-5.06,3.3,100304.436
2022-04-27 11:44:58.8450,-0.738,-0.728,-0.008,3.41,-1.05,-5.54,-0.7,-5.11,3.3,100304.436
2022-04-27 11:44:58.8540,-0.898,-0.897,0.086,4.35,0.92,-5.92,-0.84,-5.02,3.29,100304.436
2022-04-27 11:44:58.8650,-0.891,-0.914,-0.055,4.69,2.04,-5.51,-0.67,-4.45,3.28,100304.436
2022-04-27 11:44:58.8740,-1.066,-0.852,-0.359,4.77,1.86,-2.37,-0.67,-4.45,3.28,100304.436
2022-04-27 11:44:58.8850,-1.254,-0.627,-0.487,6.74,-0.06,-0.9,-0.29,-4.38,3.36,100304.436
2022-04-27 11:44:58.8940,-1.089,-0.795,-0.586,5.78,0.41,1.23,-0.29,-4.63,3.31,100304.436
2022-04-27 11:44:58.9040,-1.095,-0.778,-0.294,4.34,1.85,-0.23,-0.5,-4.63,3.15,100304.436
2022-04-27 11:44:58.9140,-1.249,-0.732,-0.117,5.25,0.78,-2.76,-0.62,-4.73,2.96,100304.436
2022-04-27 11:44:58.9240,-1.434,-0.839,-0.095,6.58,2.12,-2.87,-0.72,-4.75,2.59,100304.436
2022-04-27 11:44:58.9340,-1.578,-0.817,-0.087,7.93,2.51,-2.9,-0.8,-4.74,2.17,100304.436
2022-04-27 11:44:58.9440,-1.627,-0.722,-0.019,8.38,1.85,-2.67,-0.92,-4.86,1.8,100304.436
2022-04-27 11:44:58.9540,-1.69,-0.758,-0.04,8.69,1.86,-3.01,-0.92,-5.04,1.65,100304.436
2022-04-27 11:44:58.9640,-1.685,-0.858,-0.079,8.84,2.78,-1.86,-0.95,-5.14,1.84,100304.436
2022-04-27 11:44:58.9740,-1.53,-0.986,0.01,7.51,4.22,-2.0,-0.95,-5.14,1.84,100304.436
2022-04-27 11:44:58.9840,-1.471,-1.072,0.046,6.13,5.45,-2.48,-0.65,-4.36,2.61,100304.436
2022-04-27 11:44:58.9940,-1.594,-1.098,0.017,6.4,6.18,-1.79,-0.65,-4.36,2.61,100304.436
2022-04-27 11:44:59.0030,-1.962,-0.996,0.062,8.99,5.9,-1.82,-0.52,-4.21,2.66,100304.436
2022-04-27 11:44:59.0130,-2.282,-0.96,-0.112,12.7,5.18,-0.73,0.21,-4.88,0.99,100304.436
2022-04-27 11:44:59.0240,-2.301,-0.991,-0.281,13.91,5.57,1.79,0.21,-4.88,0.99,100304.436
2022-04-27 11:44:59.0350,-2.11,-0.964,-0.255,12.62,5.54,2.91,0.69,-5.56,0.04,100304.436
2022-04-27 11:44:59.0430,-1.832,-0.97,-0.091,10.16,5.3,1.92,1.01,-5.99,-0.54,100304.436
2022-04-27 11:44:59.0530,-1.543,-0.985,-0.083,7.34,5.52,2.03,1.35,-6.28,-0.57,100304.436
2022-04-27 11:44:59.0630,-1.301,-0.94,0.015,4.85,5.36,2.19,1.9,-6.53,0.35,100304.436
2022-04-27 11:44:59.0730,-1.154,-0.831,0.13,3.18,4.47,1.45,1.9,-6.53,0.35,100304.436
2022-04-27 11:44:59.0830,-1.079,-0.683,0.218,2.34,3.36,1.36,2.12,-6.56,1.17,100304.436
2022-04-27 11:44:59.0930,-1.024,-0.6,0.334,1.99,2.19,0.75,2.2,-6.6,1.4,100304.436
2022-04-27 11:44:59.1030,-0.972,-0.575,0.341,1.67,2.27,0.96,2.26,-6.68,1.56,100304.436
2022-04-27 11:44:59.1130,-0.924,-0.447,0.415,1.46,1.54,1.29,2.26,-6.68,1.56,100304.436
2022-04-27 11:44:59.1230,-0.876,-0.375,0.513,1.26,0.68,0.77,2.43,-6.8,1.7,100304.436
2022-04-27 11:44:59.1330,-0.822,-0.334,0.589,1.08,0.64,0.6,2.43,-6.8,1.7,100304.436
2022-04-27 11:44:59.1430,-0.833,-0.24,0.66,1.27,0.15,0.33,2.6,-6.82,1.68,100304.436
2022-04-27 11:44:59.1530,-0.849,-0.157,0.684,2.08,-0.52,0.51,2.82,-6.95,1.66,100304.436
2022-04-27 11:44:59.1630,-0.734,-0.112,0.757,1.87,-0.66,0.61,3.03,-7.1,1.66,100304.436
2022-04-27 11:44:59.1730,-0.591,-0.061,0.879,1.0,-0.89,-0.15,3.41,-7.09,1.98,100304.436
2022-04-27 11:44:59.1830,-0.447,-0.057,0.953,0.17,-0.67,-0.64,3.41,-7.09,1.98,100304.436
2022-04-27 11:44:59.1920,-0.294,-0.025,1.049,-0.75,-0.41,-1.04,3.58,-6.98,2.27,100304.436
2022-04-27 11:44:59.2020,-0.242,0.05,1.141,-1.2,-0.59,-1.79,3.69,-6.82,2.52,100304.436
2022-04-27 11:44:59.2120,-0.275,0.165,1.192,-0.45,-1.13,-2.23,3.89,-6.18,2.73,100304.436
2022-04-27 11:44:59.2220,-0.318,0.273,1.321,0.6,-1.86,-2.88,3.91,-5.54,2.74,100304.436
2022-04-27 11:44:59.2320,-0.328,0.355,1.434,1.39,-2.33,-4.12,3.84,-4.75,2.66,100304.436
2022-04-27 11:44:59.2420,-0.335,0.433,1.464,1.88,-2.64,-4.84,3.84,-4.75,2.66,100304.436
2022-04-27 11:44:59.2520,-0.303,0.498,1.388,2.28,-3.04,-4.2,3.77,-3.2,2.63,100304.436
2022-04-27 11:44:59.2630,-0.207,0.459,1.379,1.83,-2.65,-4.02,3.77,-3.2,2.63,100304.436
2022-04-27 11:44:59.2720,-0.139,0.479,1.337,1.34,-2.04,-3.79,3.63,-2.67,2.81,100304.436
2022-04-27 11:44:59.2820,-0.127,0.55,1.258,1.25,-2.49,-3.26,3.34,-2.04,3.27,100304.436
2022-04-27 11:44:59.2920,-0.13,0.544,1.225,1.68,-2.31,-2.8,3.34,-2.04,3.27,100304.436
2022-04-27 11:44:59.3020,-0.102,0.601,1.196,1.71,-2.24,-2.54,2.7,-1.09,3.75,100304.436
2022-04-27 11:44:59.3120,-0.032,0.662,1.251,1.5,-2.83,-3.04,2.7,-1.09,3.75,100304.436
2022-04-27 11:44:59.3220,0.025,0.656,1.149,0.91,-2.82,-2.75,1.7,-0.38,4.09,100304.436
2022-04-27 11:44:59.3320,0.001,0.645,1.061,1.1,-2.38,-1.75,1.7,-0.38,4.09,100304.436
2022-04-27 11:44:59.3420,-0.026,0.653,0.965,1.69,-2.66,-1.01,1.26,-0.43,4.21,100304.436
2022-04-27 11:44:59.3520,-0.012,0.614,0.943,1.82,-2.19,-0.34,0.58,-0.85,4.27,100304.436
2022-04-27 11:44:59.3610,-0.019,0.606,0.919,1.99,-2.07,-0.4,0.58,-0.85,4.27,100304.436
2022-04-27 11:44:59.3710,-0.064,0.617,0.9,2.65,-2.17,-0.06,0.36,-1.16,4.16,100304.436
2022-04-27 11:44:59.3810,-0.067,0.607,0.904,3.1,-2.29,-0.14,0.23,-1.35,4.02,100304.436
2022-04-27 11:44:59.3910,-0.067,0.55,0.888,3.31,-1.94,-0.09,0.14,-1.45,3.94,100304.436
2022-04-27 11:44:59.4010,-0.1,0.512,0.873,3.82,-1.6,0.02,0.11,-1.51,3.84,100304.436
2022-04-27 11:44:59.4110,-0.11,0.466,0.898,4.27,-1.23,-0.07,0.03,-1.46,3.53,100304.436
2022-04-27 11:44:59.4220,-0.117,0.443,0.905,4.59,-1.09,-0.39,0.03,-1.46,3.53,100304.436
2022-04-27 11:44:59.4310,-0.107,0.408,0.875,4.82,-0.9,-0.21,-0.07,-1.52,3.3,100304.436
2022-04-27 11:44:59.4410,-0.068,0.395,0.866,4.77,-0.8,-0.03,-0.2,-1.59,3.1,100304.436
2022-04-27 11:44:59.4510,0.009,0.377,0.895,4.42,-0.88,-0.28,-0.47,-1.53,2.81,100304.436
2022-04-27 11:44:59.4610,0.117,0.333,0.929,3.56,-0.63,-0.7,-0.47,-1.53,2.81,100304.436
2022-04-27 11:44:59.4710,0.153,0.31,0.934,3.12,-0.5,-0.88,-0.62,-1.37,2.76,100304.436
2022-04-27 11:44:59.4810,0.184,0.312,0.929,3.04,-0.6,-0.89,-0.78,-1.16,2.73,100304.436
2022-04-27 11:44:59.4910,0.212,0.305,0.916,2.87,-0.89,-0.85,-1.13,-0.89,2.69,100304.436
2022-04-27 11:44:59.5010,0.188,0.256,0.885,2.94,-0.65,-0.6,-1.13,-0.89,2.69,100304.436
2022-04-27 11:44:59.5100,0.131,0.303,0.849,3.73,-0.95,-0.28,-1.25,-0.72,2.62,100304.436
2022-04-27 11:44:59.5210,0.16,0.33,0.82,3.74,-1.72,0.04,-1.21,-0.76,2.67,100304.436
2022-04-27 11:44:59.5310,0.128,0.299,0.818,3.86,-1.77,0.14,-1.21,-0.76,2.67,100304.436
2022-04-27 11:44:59.5400,0.119,0.299,0.827,4.28,-1.8,0.07,-1.1,-0.82,2.73,100304.436
2022-04-27 11:44:59.5510,0.12,0.354,0.851,4.26,-2.45,-0.2,-0.82,-0.98,2.82,100304.436
2022-04-27 11:44:59.5600,0.08,0.331,0.862,4.63,-2.88,-0.37,-0.82,-0.98,2.82,100304.436
2022-04-27 11:44:59.5710,0.024,0.273,0.891,5.25,-2.44,-0.63,-0.69,-0.96,2.84,100304.436
2022-04-27 11:44:59.5800,-0.014,0.248,0.935,5.81,-2.41,-1.1,-0.45,-0.93,2.9,100304.436
2022-04-27 11:44:59.5900,-0.029,0.177,0.964,6.05,-2.06,-1.49,-0.35,-0.89,2.89,100304.436
2022-04-27 11:44:59.6000,-0.033,0.144,0.979,6.25,-1.62,-1.77,-0.28,-0.97,2.88,100304.436
2022-04-27 11:44:59.6100,-0.026,0.177,0.96,6.3,-2.16,-1.74,-0.28,-0.97,2.88,100304.436
2022-04-27 11:44:59.6200,0.024,0.105,0.922,6.01,-1.91,-1.52,-0.19,-1.44,2.84,100304.436
2022-04-27 11:44:59.6300,0.083,0.051,0.869,5.5,-1.51,-1.05,-0.15,-1.72,2.7,100304.436
2022-04-27 11:44:59.6400,0.086,0.022,0.837,5.31,-1.29,-0.8,-0.09,-1.78,2.57,100304.436
2022-04-27 11:44:59.6500,0.058,-0.008,0.855,5.7,-1.19,-0.89,-0.09,-1.73,2.47,100304.436
2022-04-27 11:44:59.6600,0.057,-0.006,0.848,5.9,-1.21,-1.18,-0.13,-1.7,2.41,100304.436
2022-04-27 11:44:59.6700,0.047,-0.018,0.804,5.99,-1.39,-0.84,-0.13,-1.7,2.41,100304.436
2022-04-27 11:44:59.6800,0.077,-0.003,0.798,6.07,-1.58,-0.72,-0.16,-1.51,2.27,100304.436
2022-04-27 11:44:59.6900,0.19,-0.057,0.792,5.28,-1.49,-0.87,-0.19,-1.22,2.15,100304.436
2022-04-27 11:44:59.6990,0.364,-0.085,0.755,3.77,-1.2,-0.66,-0.34,-0.72,2.2,100304.436
2022-04-27 11:44:59.7090,0.556,-0.143,0.702,1.86,-1.0,-0.16,-0.48,-0.52,2.35,100304.436
2022-04-27 11:44:59.7190,0.625,-0.165,0.666,0.62,-0.69,0.1,-0.48,-0.52,2.35,100304.436
2022-04-27 11:44:59.7290,0.65,-0.151,0.636,0.33,-1.01,0.45,-0.64,-0.37,2.53,100304.436
2022-04-27 11:44:59.7390,0.687,-0.188,0.585,-0.01,-1.15,0.73,-0.83,-0.25,2.76,100304.436
2022-04-27 11:44:59.7490,0.69,-0.209,0.523,-0.39,-0.92,1.38,-0.98,-0.34,3.1,100304.436
2022-04-27 11:44:59.7600,0.613,-0.206,0.481,0.15,-1.34,1.77,-0.98,-0.34,3.1,100304.436
2022-04-27 11:44:59.7690,0.576,-0.27,0.451,0.65,-1.19,2.07,-0.99,-0.44,3.16,100304.436
2022-04-27 11:44:59.7790,0.588,-0.311,0.461,0.53,-0.84,2.05,-1.17,-0.66,3.42,100304.436
2022-04-27 11:44:59.7890,0.553,-0.349,0.469,0.56,-0.86,1.81,-1.17,-0.66,3.42,100304.436
2022-04-27 11:44:59.7990,0.545,-0.37,0.472,0.71,-0.82,1.71,-1.09,-0.6,3.81,100304.436
2022-04-27 11:44:59.8100,0.447,-0.365,0.439,1.03,-1.06,1.76,-0.96,-0.62,3.85,100304.436
2022-04-27 11:44:59.8190,0.35,-0.357,0.426,2.12,-1.52,1.99,-0.96,-0.62,3.85,100304.436
2022-04-27 11:44:59.8290,0.327,-0.412,0.446,2.39,-1.51,1.78,-0.82,-0.69,3.79,100304.436
2022-04-27 11:44:59.8390,0.35,-0.484,0.48,2.15,-0.9,1.42,-0.74,-0.82,3.78,100304.436
2022-04-27 11:44:59.8490,0.409,-0.469,0.521,1.59,-1.15,0.95,-0.78,-0.89,3.78,100304.436
2022-04-27 11:44:59.8590,0.416,-0.481,0.583,0.83,-1.2,0.33,-0.92,-0.77,3.74,100304.436
2022-04-27 11:44:59.8690,0.267,-0.469,0.55,1.83,-1.78,0.0,-0.92,-0.77,3.74,100304.436
2022-04-27 11:44:59.8790,0.178,-0.517,0.492,2.78,-1.47,0.63,-1.06,-0.64,3.66,100304.436
2022-04-27 11:44:59.8880,0.156,-0.538,0.422,2.99,-1.64,1.04,-1.27,-0.58,3.6,100304.436
2022-04-27 11:44:59.8980,0.069,-0.561,0.431,3.18,-1.22,1.46,-1.41,-0.41,3.53,100304.436
2022-04-27 11:44:59.9080,0.123,-0.536,0.454,3.47,-2.07,0.81,-1.78,-0.07,3.62,100304.436
2022-04-27 11:44:59.9180,0.218,-0.608,0.395,1.77,-1.63,0.9,-1.78,-0.07,3.62,100304.436
2022-04-27 11:44:59.9280,0.14,-0.603,0.275,1.86,-1.67,1.97,-1.88,-0.04,3.65,100304.436
2022-04-27 11:44:59.9380,0.036,-0.585,0.24,2.58,-2.07,2.43,-1.9,0.0,3.58,100304.436
2022-04-27 11:44:59.9480,-0.05,-0.632,0.292,3.29,-2.17,2.13,-1.92,0.17,3.53,100304.436
2022-04-27 11:44:59.9580,-0.053,-0.699,0.306,3.19,-1.54,1.46,-1.91,0.46,3.5,100304.436
2022-04-27 11:44:59.9680,-0.113,-0.699,0.251,3.27,-1.53,1.76,-1.92,0.58,3.48,100304.436
2022-04-27 11:44:59.9780,-0.228,-0.667,0.225,3.82,-1.9,1.99,-1.95,0.61,3.37,100304.436
2022-04-27 11:44:59.9880,-0.283,-0.653,0.207,4.56,-2.32,2.04,-1.96,0.65,3.11,100304.436
2022-04-27 11:44:59.9980,-0.279,-0.68,0.191,4.14,-2.32,1.96,-1.96,0.65,3.11,100304.436
2022-04-27 11:45:00.0080,-0.302,-0.699,0.168,4.15,-2.16,2.1,-1.94,0.68,3.0,100304.436
2022-04-27 11:45:00.0180,-0.284,-0.736,0.158,3.75,-2.06,1.98,-1.87,0.73,2.88,100304.436
2022-04-27 11:45:00.0270,-0.252,-0.785,0.14,3.25,-1.57,2.09,-1.75,0.85,2.85,100304.436
2022-04-27 11:45:00.0380,-0.26,-0.771,0.157,2.77,-1.61,1.8,-1.64,1.02,2.89,100304.436
2022-04-27 11:45:00.0470,-0.258,-0.807,0.14,2.56,-1.58,1.75,-1.54,1.14,2.91,100304.436
2022-04-27 11:45:00.0570,-0.278,-0.828,0.113,2.29,-1.16,1.75,-1.48,1.22,2.95,100304.436
2022-04-27 11:45:00.0680,-0.367,-0.779,0.1,2.65,-1.56,1.99,-1.49,1.23,2.72,100304.436
2022-04-27 11:45:00.0770,-0.402,-0.771,0.144,3.07,-1.82,1.46,-1.49,1.23,2.72,100304.436
2022-04-27 11:45:00.0870,-0.38,-0.757,0.097,2.57,-1.89,1.29,-1.54,1.19,2.48,100304.436
2022-04-27 11:45:00.0970,-0.394,-0.773,0.001,2.52,-1.99,2.13,-1.54,0.96,2.24,100304.436
2022-04-27 11:45:00.1070,-0.352,-0.818,-0.006,1.91,-1.38,2.5,-1.46,0.6,2.09,100304.436
2022-04-27 11:45:00.1170,-0.299,-0.794,0.054,1.44,-1.65,1.76,-1.43,0.56,2.15,100304.436
2022-04-27 11:45:00.1270,-0.226,-0.889,0.05,0.37,-1.05,1.45,-1.42,0.68,2.28,100304.436
2022-04-27 11:45:00.1370,-0.194,-0.895,0.077,-0.25,-0.43,1.25,-1.49,0.93,2.38,100304.436
2022-04-27 11:45:00.1470,-0.201,-0.827,0.099,-0.59,-1.07,0.7,-1.49,0.93,2.38,100304.436
2022-04-27 11:45:00.1570,-0.259,-0.853,0.069,-0.54,-0.97,0.77,-1.6,1.72,2.64,100304.436
2022-04-27 11:45:00.1670,-0.341,-0.755,0.057,-0.1,-1.18,0.74,-1.6,1.72,2.64,100304.436
2022-04-27 11:45:00.1770,-0.336,-0.698,-0.051,0.44,-2.67,0.97,-1.72,2.02,2.72,100304.436
2022-04-27 11:45:00.1870,-0.336,-0.867,-0.233,-0.8,-0.87,2.6,-1.64,2.18,2.87,100304.436
2022-04-27 11:45:00.1970,-0.507,-0.718,-0.28,0.91,-1.45,3.31,-1.59,2.2,2.82,100304.436
2022-04-27 11:45:00.2070,-0.541,-0.729,-0.253,0.8,-1.82,3.1,-1.55,2.13,2.75,100304.436
2022-04-27 11:45:00.2170,-0.609,-0.749,-0.28,1.3,-1.39,2.77,-1.55,2.13,2.75,100304.436
2022-04-27 11:45:00.2270,-0.692,-0.714,-0.329,2.07,-1.68,3.02,-1.52,2.1,2.62,100304.436
2022-04-27 11:45:00.2360,-0.703,-0.773,-0.328,2.03,-1.23,2.99,-1.49,2.11,2.47,100304.436
2022-04-27 11:45:00.2470,-0.677,-0.869,-0.362,1.89,-0.38,2.83,-1.35,2.25,2.34,100304.436
2022-04-27 11:45:00.2560,-0.781,-0.848,-0.363,2.01,0.32,2.88,-1.35,2.25,2.34,100304.436
2022-04-27 11:45:00.2660,-0.818,-0.73,-0.336,2.68,-0.6,2.46,-1.34,2.34,2.26,100304.436
2022-04-27 11:45:00.2760,-0.778,-0.718,-0.364,2.28,-1.15,2.18,-1.4,2.57,2.06,100304.436
2022-04-27 11:45:00.2860,-0.789,-0.786,-0.425,2.03,-0.46,2.5,-1.43,2.56,1.98,101109.558
2022-04-27 11:45:00.2960,-0.826,-0.828,-0.476,2.21,0.22,2.77,-1.44,2.53,1.92,101109.558
2022-04-27 11:45:00.3060,-0.871,-0.837,-0.516,2.56,0.57,2.98,-1.46,2.58,1.83,101109.558
2022-04-27 11:45:00.3160,-0.926,-0.826,-0.53,2.94,0.61,2.92,-1.45,2.73,1.69,101109.558
2022-04-27 11:45:00.3260,-1.006,-0.861,-0.537,3.61,0.89,2.75,-1.45,2.73,1.69,101109.558
2022-04-27 11:45:00.3360,-1.032,-0.898,-0.535,4.12,1.48,2.56,-1.45,3.35,1.37,101109.558
2022-04-27 11:45:00.3460,-0.974,-0.842,-0.49,3.8,1.51,1.79,-1.5,3.72,1.14,101109.558
2022-04-27 11:45:00.3560,-0.933,-0.73,-0.538,3.28,0.48,1.68,-1.58,4.02,0.88,101109.558
2022-04-27 11:45:00.3660,-0.893,-0.724,-0.61,3.04,0.13,1.91,-1.58,4.02,0.88,101109.558
2022-04-27 11:45:00.3760,-0.843,-0.756,-0.705,2.64,0.55,2.49,-1.84,4.01,0.32,101109.558
2022-04-27 11:45:00.3860,-0.813,-0.731,-0.787,2.43,0.63,2.97,-2.03,3.74,-0.05,101109.558
2022-04-27 11:45:00.3960,-0.805,-0.678,-0.86,2.43,0.27,3.38,-2.03,3.74,-0.05,101109.558
2022-04-27 11:45:00.4050,-0.78,-0.632,-0.919,2.56,-0.18,3.68,-2.32,3.21,-0.8,101109.558
2022-04-27 11:45:00.4160,-0.698,-0.622,-0.933,2.13,-0.35,3.75,-2.32,3.21,-0.8,101109.558
2022-04-27 11:45:00.4260,-0.566,-0.656,-0.901,1.28,-0.05,3.24,-2.37,3.18,-0.95,101109.558
2022-04-27 11:45:00.4360,-0.441,-0.682,-0.86,0.17,0.42,2.52,-2.41,3.3,-0.92,101109.558
2022-04-27 11:45:00.4450,-0.371,-0.66,-0.862,-0.44,0.45,2.01,-2.5,3.69,-0.62,101109.558
2022-04-27 11:45:00.4550,-0.304,-0.644,-0.923,-0.76,0.36,2.14,-2.52,3.88,-0.45,101109.558
2022-04-27 11:45:00.4650,-0.228,-0.635,-0.978,-1.23,0.45,2.45,-2.55,3.99,-0.33,101109.558
2022-04-27 11:45:00.4760,-0.187,-0.594,-1.044,-1.51,0.34,2.74,-2.55,3.99,-0.33,101109.558
2022-04-27 11:45:00.4850,-0.176,-0.533,-1.096,-1.32,-0.04,3.09,-2.55,4.07,-0.29,101109.558
2022-04-27 11:45:00.4950,-0.114,-0.481,-1.13,-1.4,-0.42,3.16,-2.45,4.47,-0.34,101109.558
2022-04-27 11:45:00.5050,-0.076,-0.443,-1.133,-1.57,-0.63,3.17,-2.35,4.79,-0.46,101109.558
2022-04-27 11:45:00.5150,-0.002,-0.371,-1.113,-1.6,-0.97,2.69,-2.35,4.79,-0.46,101109.558
2022-04-27 11:45:00.5250,0.153,-0.315,-1.167,-2.45,-1.61,2.74,-2.07,5.04,-0.45,101109.558
2022-04-27 11:45:00.5350,0.315,-0.398,-1.23,-3.72,-1.09,3.26,-2.07,5.04,-0.45,101109.558
2022-04-27 11:45:00.5450,0.353,-0.453,-1.279,-4.13,-0.04,3.63,-1.92,4.89,-0.28,101109.558
2022-04-27 11:45:00.5550,0.382,-0.406,-1.318,-3.84,-0.05,3.99,-1.76,4.61,-0.09,101109.558
2022-04-27 11:45:00.5650,0.429,-0.367,-1.322,-4.0,-0.43,4.08,-1.47,4.22,0.03,101109.558
2022-04-27 11:45:00.5750,0.424,-0.352,-1.307,-3.66,-0.5,3.93,-1.38,4.12,-0.03,101109.558
2022-04-27 11:45:00.5850,0.479,-0.341,-1.298,-3.59,-0.47,3.78,-1.34,3.99,-0.04,101109.558
2022-04-27 11:45:00.5950,0.559,-0.344,-1.31,-4.02,-0.41,3.77,-1.34,3.99,-0.04,101109.558
2022-04-27 11:45:00.6050,0.57,-0.342,-1.342,-4.04,-0.25,4.06,-1.27,3.46,0.15,101109.558
2022-04-27 11:45:00.6140,0.616,-0.358,-1.347,-3.94,-0.07,4.25,-1.27,3.46,0.15,101109.558
2022-04-27 11:45:00.6240,0.67,-0.352,-1.339,-4.29,0.12,4.23,-1.21,3.25,0.33,101109.558
2022-04-27 11:45:00.6340,0.665,-0.299,-1.319,-4.2,-0.11,4.07,-1.08,3.02,0.59,101109.558
2022-04-27 11:45:00.6450,0.646,-0.229,-1.306,-3.77,-0.77,4.0,-1.08,3.02,0.59,101109.558
2022-04-27 11:45:00.6490,0.61,-0.229,-1.286,-3.23,-0.96,3.85,-1.01,2.96,0.75,101109.558
2022-04-27 11:45:00.6640,0.567,-0.217,-1.268,-2.63,-0.89,3.76,-0.94,3.04,0.93,101109.558
2022-04-27 11:45:00.6740,0.497,-0.226,-1.216,-1.8,-0.91,3.43,-0.94,3.04,0.93,101109.558
2022-04-27 11:45:00.6840,0.453,-0.237,-1.175,-0.94,-0.63,3.03,-0.92,3.23,0.95,101109.558
2022-04-27 11:45:00.6940,0.445,-0.211,-1.176,-0.5,-0.8,2.94,-0.89,3.4,0.97,101109.558
2022-04-27 11:45:00.7040,0.479,-0.207,-1.194,-0.43,-0.88,3.23,-0.86,3.45,1.02,101109.558
2022-04-27 11:45:00.7140,0.524,-0.2,-1.219,-0.6,-0.9,3.56,-0.81,3.37,1.1,101109.558
2022-04-27 11:45:00.7240,0.554,-0.191,-1.246,-0.75,-0.96,3.97,-0.75,3.12,1.18,101109.558
2022-04-27 11:45:00.7340,0.57,-0.177,-1.249,-0.78,-1.1,4.17,-0.66,2.35,1.24,101109.558
2022-04-27 11:45:00.7440,0.549,-0.172,-1.254,-0.54,-1.2,4.32,-0.66,2.35,1.24,101109.558
2022-04-27 11:45:00.7540,0.537,-0.181,-1.244,-0.22,-1.15,4.38,-0.55,1.92,1.21,101109.558
2022-04-27 11:45:00.7630,0.533,-0.177,-1.211,-0.1,-1.17,4.19,-0.43,1.49,1.16,101109.558
2022-04-27 11:45:00.7730,0.534,-0.178,-1.173,0.0,-1.2,3.87,-0.3,1.09,1.13,101109.558
2022-04-27 11:45:00.7830,0.544,-0.173,-1.132,-0.07,-1.29,3.52,-0.05,0.43,1.18,101109.558
2022-04-27 11:45:00.7930,0.559,-0.183,-1.093,-0.18,-1.3,3.14,-0.05,0.43,1.18,101109.558
2022-04-27 11:45:00.8030,0.565,-0.192,-1.055,-0.33,-1.26,2.8,0.15,-0.07,1.38,101109.558
2022-04-27 11:45:00.8140,0.558,-0.195,-1.007,-0.37,-1.31,2.33,0.22,-0.27,1.46,101109.558
2022-04-27 11:45:00.8230,0.499,-0.204,-0.983,-0.06,-1.32,2.01,0.22,-0.27,1.46,101109.558
2022-04-27 11:45:00.8330,0.449,-0.227,-0.961,0.48,-1.29,1.8,0.28,-0.45,1.51,101109.558
2022-04-27 11:45:00.8430,0.406,-0.25,-0.923,0.75,-1.07,1.44,0.34,-0.67,1.49,101109.558
2022-04-27 11:45:00.8530,0.361,-0.238,-0.914,1.18,-1.2,1.2,0.36,-0.74,1.43,101109.558
2022-04-27 11:45:00.8630,0.375,-0.247,-0.914,1.13,-1.31,1.2,0.36,-0.74,1.43,101109.558
2022-04-27 11:45:00.8730,0.392,-0.252,-0.901,0.78,-1.29,1.09,0.38,-0.99,1.39,101109.558
2022-04-27 11:45:00.8830,0.38,-0.253,-0.899,0.68,-1.4,0.97,0.38,-0.99,1.39,101109.558
2022-04-27 11:45:00.8930,0.36,-0.254,-0.899,0.71,-1.45,0.96,0.44,-1.23,1.39,101109.558
2022-04-27 11:45:00.9030,0.335,-0.246,-0.875,0.83,-1.6,0.79,0.44,-1.23,1.39,101109.558
2022-04-27 11:45:00.9120,0.333,-0.251,-0.845,0.73,-1.7,0.44,0.48,-1.3,1.41,101109.558
2022-04-27 11:45:00.9220,0.318,-0.264,-0.835,0.68,-1.7,0.25,0.48,-1.3,1.41,101109.558
2022-04-27 11:45:00.9330,0.305,-0.28,-0.82,0.64,-1.59,0.1,0.51,-1.29,1.46,101109.558
2022-04-27 11:45:00.9430,0.276,-0.259,-0.808,0.71,-1.76,-0.07,0.47,-1.31,1.5,101109.558
2022-04-27 11:45:00.9530,0.237,-0.245,-0.801,0.87,-2.09,-0.15,0.41,-1.27,1.44,101109.558
2022-04-27 11:45:00.9630,0.187,-0.263,-0.782,1.18,-2.1,-0.33,0.33,-1.2,1.38,101109.558
2022-04-27 11:45:00.9720,0.173,-0.298,-0.773,1.34,-1.86,-0.5,0.33,-1.2,1.38,101109.558
2022-04-27 11:45:00.9820,0.177,-0.309,-0.779,1.13,-1.65,-0.52,0.14,-1.14,1.32,101109.558
2022-04-27 11:45:00.9920,0.151,-0.267,-0.799,1.12,-1.96,-0.39,0.07,-1.11,1.3,101109.558
2022-04-27 11:45:01.0020,0.14,-0.265,-0.824,1.19,-2.28,-0.17,0.07,-1.11,1.3,101109.558
2022-04-27 11:45:01.0120,0.133,-0.301,-0.836,1.05,-2.0,-0.02,-0.01,-1.05,1.34,101109.558
2022-04-27 11:45:01.0220,0.109,-0.318,-0.835,1.13,-1.79,-0.01,-0.01,-1.05,1.34,101109.558
2022-04-27 11:45:01.0320,0.101,-0.328,-0.831,1.1,-1.69,-0.09,-0.11,-1.04,1.39,101109.558
2022-04-27 11:45:01.0420,0.082,-0.331,-0.844,1.06,-1.67,-0.05,-0.14,-1.03,1.38,101109.558
2022-04-27 11:45:01.0520,0.039,-0.339,-0.859,1.25,-1.62,0.07,-0.15,-1.03,1.35,101109.558
2022-04-27 11:45:01.0620,-0.015,-0.342,-0.872,1.6,-1.58,0.19,-0.15,-1.02,1.3,101109.558
2022-04-27 11:45:01.0720,-0.076,-0.351,-0.878,2.03,-1.53,0.25,-0.13,-0.97,1.24,101109.558
2022-04-27 11:45:01.0820,-0.119,-0.361,-0.881,2.41,-1.42,0.26,-0.09,-0.88,1.19,101109.558
2022-04-27 11:45:01.0920,-0.151,-0.36,-0.885,2.61,-1.4,0.28,-0.09,-0.88,1.19,101109.558
2022-04-27 11:45:01.1020,-0.168,-0.36,-0.888,2.74,-1.44,0.32,0.02,-0.65,1.18,101109.558
2022-04-27 11:45:01.1120,-0.162,-0.372,-0.89,2.62,-1.36,0.29,0.02,-0.65,1.18,101109.558
2022-04-27 11:45:01.1210,-0.176,-0.383,-0.872,2.53,-1.22,0.31,0.06,-0.55,1.26,101109.558
2022-04-27 11:45:01.1310,-0.231,-0.357,-0.857,2.82,-1.39,-0.07,0.02,-0.49,1.3,101109.558
2022-04-27 11:45:01.1410,-0.296,-0.365,-0.896,3.37,-1.51,0.24,0.02,-0.36,1.24,101109.558
2022-04-27 11:45:01.1510,-0.299,-0.41,-0.89,3.71,-1.21,0.43,0.05,-0.17,1.09,101109.558
2022-04-27 11:45:01.1610,-0.315,-0.431,-0.927,3.39,-0.73,0.4,0.04,0.07,0.87,101109.558
2022-04-27 11:45:01.1710,-0.361,-0.412,-0.964,4.06,-1.0,0.95,0.04,0.07,0.87,101109.558
2022-04-27 11:45:01.1810,-0.348,-0.465,-1.032,3.93,-0.74,1.43,0.06,-0.07,0.89,101109.558
2022-04-27 11:45:01.1910,-0.338,-0.536,-1.026,3.86,-0.02,1.86,0.12,-0.17,0.92,101109.558
2022-04-27 11:45:01.2010,-0.453,-0.5,-1.044,4.08,0.13,1.58,0.25,-0.18,0.67,101109.558
2022-04-27 11:45:01.2110,-0.548,-0.46,-1.035,5.58,-0.54,1.96,0.25,-0.18,0.67,101109.558
2022-04-27 11:45:01.2210,-0.545,-0.497,-1.002,5.57,-0.4,1.47,0.44,0.19,0.14,101109.558
2022-04-27 11:45:01.2310,-0.65,-0.555,-1.023,6.5,0.0,1.69,0.44,0.19,0.14,101109.558
2022-04-27 11:45:01.2410,-0.607,-0.619,-0.956,6.45,0.73,1.39,0.48,0.36,-0.07,101109.558
2022-04-27 11:45:01.2510,-0.569,-0.622,-0.879,6.04,0.8,0.42,0.5,0.69,-0.42,102518.837
2022-04-27 11:45:01.2610,-0.486,-0.737,-0.97,5.73,1.52,0.83,0.51,0.69,-0.54,102518.837
2022-04-27 11:45:01.2710,-0.423,-0.726,-0.965,4.75,2.03,1.44,0.44,0.29,-0.6,102518.837
2022-04-27 11:45:01.2810,-0.325,-0.728,-0.872,4.31,1.65,0.75,0.41,0.41,-0.96,102518.837
2022-04-27 11:45:01.2910,-0.512,-0.618,-0.862,4.89,1.05,0.09,0.3,0.26,-1.01,102518.837
2022-04-27 11:45:01.3030,-0.462,-0.763,-0.934,5.69,1.41,0.78,0.17,0.07,-1.0,102518.837
2022-04-27 11:45:01.3100,-0.406,-0.817,-0.91,4.91,2.67,1.0,0.17,0.07,-1.0,102518.837
2022-04-27 11:45:01.3200,-0.386,-0.754,-0.84,4.85,2.23,0.25,-0.06,0.06,-1.07,102518.837
2022-04-27 11:45:01.3300,-0.332,-0.753,-0.859,4.39,2.0,0.14,-0.37,0.23,-1.2,102518.837
2022-04-27 11:45:01.3400,-0.283,-0.703,-0.822,4.1,2.0,0.18,-0.37,0.23,-1.2,102518.837
2022-04-27 11:45:01.3500,-0.339,-0.653,-0.776,4.0,0.97,-0.59,-0.48,0.49,-1.51,102518.837
2022-04-27 11:45:01.3600,-0.343,-0.77,-0.818,4.89,2.13,-0.36,-0.59,0.44,-1.54,102518.837
2022-04-27 11:45:01.3700,-0.258,-0.695,-0.77,4.21,2.1,-0.42,-0.86,0.58,-1.55,102518.837
2022-04-27 11:45:01.3800,-0.229,-0.623,-0.721,3.8,1.28,-1.15,-0.97,0.76,-1.67,102518.837
2022-04-27 11:45:01.3900,-0.236,-0.61,-0.714,3.97,1.11,-1.31,-0.97,0.76,-1.67,102518.837
2022-04-27 11:45:01.4000,-0.213,-0.587,-0.713,4.02,1.1,-1.39,-1.19,0.82,-2.02,102518.837
2022-04-27 11:45:01.4100,-0.178,-0.551,-0.721,3.86,0.88,-1.39,-1.19,0.82,-2.02,102518.837
2022-04-27 11:45:01.4200,-0.13,-0.532,-0.717,3.61,0.79,-1.39,-1.3,0.72,-2.2,102518.837
2022-04-27 11:45:01.4300,-0.084,-0.501,-0.721,3.26,0.74,-1.51,-1.56,0.38,-2.52,102518.837
2022-04-27 11:45:01.4400,-0.059,-0.453,-0.756,3.09,0.51,-1.28,-1.56,0.38,-2.52,102518.837
2022-04-27 11:45:01.4500,-0.053,-0.388,-0.79,3.1,0.19,-1.04,-1.67,0.18,-2.71,102518.837
2022-04-27 11:45:01.4600,-0.02,-0.31,-0.839,3.02,-0.41,-0.58,-1.75,-0.26,-2.91,102518.837
2022-04-27 11:45:01.4700,0.054,-0.267,-0.841,2.54,-0.72,-0.61,-1.76,-0.51,-2.9,102518.837
2022-04-27 11:45:01.4800,0.129,-0.225,-0.905,1.72,-0.81,-0.16,-1.72,-0.71,-2.84,102518.837
2022-04-27 11:45:01.4890,0.16,-0.126,-0.946,1.34,-1.32,0.19,-1.72,-0.71,-2.84,102518.837
2022-04-27 11:45:01.4990,0.152,-0.014,-0.959,1.33,-2.27,0.42,-1.6,-0.86,-3.02,102518.837
2022-04-27 11:45:01.5090,0.162,0.056,-1.066,1.31,-2.89,1.04,-1.51,-0.86,-3.09,102518.837
2022-04-27 11:45:01.5200,0.204,0.092,-1.034,1.14,-3.09,1.25,-1.43,-0.84,-3.04,102518.837
2022-04-27 11:45:01.5290,0.348,0.068,-1.054,-0.03,-2.92,1.02,-1.43,-0.84,-3.04,102518.837
2022-04-27 11:45:01.5390,0.453,0.021,-1.079,-1.35,-2.22,1.33,-1.17,-0.94,-2.66,102518.837
2022-04-27 11:45:01.5490,0.509,0.033,-1.093,-2.0,-1.92,1.41,-1.06,-1.09,-2.49,102518.837
2022-04-27 11:45:01.5590,0.574,0.063,-1.116,-2.72,-2.03,1.51,-0.97,-1.37,-2.38,102518.837
2022-04-27 11:45:01.5690,0.547,0.109,-1.17,-2.98,-2.24,1.92,-0.97,-1.37,-2.38,102518.837
2022-04-27 11:45:01.5790,0.447,0.162,-1.219,-2.27,-2.65,2.38,-0.9,-1.75,-2.38,102518.837
2022-04-27 11:45:01.5890,0.363,0.206,-1.255,-1.51,-2.91,2.73,-0.84,-2.12,-2.46,102518.837
2022-04-27 11:45:01.5990,0.28,0.287,-1.267,-0.91,-3.47,2.87,-0.61,-2.4,-2.61,102518.837
2022-04-27 11:45:01.6090,0.254,0.335,-1.267,-0.55,-4.03,2.87,-0.61,-2.4,-2.61,102518.837
2022-04-27 11:45:01.6190,0.297,0.312,-1.24,-0.98,-3.96,2.65,-0.27,-2.16,-2.24,102518.837
2022-04-27 11:45:01.6290,0.359,0.259,-1.223,-1.75,-3.41,2.37,-0.27,-2.16,-2.24,102518.837
2022-04-27 11:45:01.6390,0.37,0.231,-1.206,-2.38,-2.97,2.21,0.08,-1.77,-1.53,102518.837
2022-04-27 11:45:01.6490,0.251,0.234,-1.197,-1.81,-2.9,2.01,0.22,-1.58,-1.44,102518.837
2022-04-27 11:45:01.6580,0.135,0.243,-1.206,-0.62,-2.98,2.08,0.22,-1.58,-1.54,102518.837
2022-04-27 11:45:01.6680,0.089,0.243,-1.181,-0.07,-3.06,1.98,0.42,-1.12,-1.69,102518.837
2022-04-27 11:45:01.6780,0.067,0.225,-1.145,0.11,-2.97,1.59,0.42,-1.12,-1.69,102518.837
2022-04-27 11:45:01.6890,0.082,0.172,-1.138,0.05,-2.62,1.39,0.61,-0.92,-1.75,102518.837
2022-04-27 11:45:01.6980,0.118,0.134,-1.124,-0.37,-2.15,1.34,0.68,-0.96,-1.7,102518.837
2022-04-27 11:45:01.7080,0.137,0.113,-1.11,-0.72,-2.0,1.16,0.71,-1.03,-1.64,102518.837
2022-04-27 11:45:01.7180,0.125,0.086,-1.096,-0.81,-1.8,1.04,0.71,-1.03,-1.64,102518.837
2022-04-27 11:45:01.7280,0.076,0.062,-1.099,-0.55,-1.62,0.96,0.63,-1.32,-1.69,102518.837
2022-04-27 11:45:01.7380,0.023,0.024,-1.127,-0.1,-1.38,1.19,0.63,-1.32,-1.69,102518.837
2022-04-27 11:45:01.7480,-0.004,-0.021,-1.138,0.14,-0.97,1.4,0.57,-1.5,-1.76,102518.837
2022-04-27 11:45:01.7580,-0.006,-0.055,-1.133,0.13,-0.65,1.38,0.5,-1.67,-1.87,102518.837
2022-04-27 11:45:01.7680,0.008,-0.083,-1.123,-0.13,-0.42,1.31,0.5,-1.67,-1.87,102518.837
2022-04-27 11:45:01.7780,0.021,-0.115,-1.116,-0.4,-0.15,1.21,0.49,-1.66,-1.85,102518.837
2022-04-27 11:45:01.7880,0.033,-0.125,-1.126,-0.66,0.0,1.29,0.47,-1.59,-1.77,102518.837
2022-04-27 11:45:01.7980,0.041,-0.129,-1.127,-0.87,-0.04,1.32,0.47,-1.52,-1.73,102518.837
2022-04-27 11:45:01.8080,0.062,-0.137,-1.14,-1.15,-0.01,1.42,0.47,-1.52,-1.73,102518.837
2022-04-27 11:45:01.8180,0.059,-0.139,-1.148,-1.42,-0.03,1.55,0.51,-1.35,-1.6,102518.837
2022-04-27 11:45:01.8270,0.009,-0.129,-1.153,-1.15,-0.12,1.63,0.51,-1.35,-1.6,102518.837
2022-04-27 11:45:01.8370,-0.029,-0.118,-1.153,-0.79,-0.34,1.67,0.53,-1.26,-1.57,102518.837
2022-04-27 11:45:01.8470,-0.056,-0.126,-1.146,-0.6,-0.39,1.66,0.58,-1.14,-1.57,102518.837
2022-04-27 11:45:01.8570,-0.067,-0.141,-1.129,-0.44,-0.32,1.51,0.64,-0.93,-1.58,102518.837
2022-04-27 11:45:01.8670,-0.026,-0.145,-1.115,-0.71,-0.33,1.39,0.76,-0.58,-1.53,102518.837
2022-04-27 11:45:01.8770,0.018,-0.145,-1.13,-1.25,-0.4,1.41,0.76,-0.58,-1.53,102518.837
2022-04-27 11:45:01.8870,-0.0,-0.143,-1.167,-1.35,-0.52,1.77,0.81,-0.64,-1.43,102518.837
2022-04-27 11:45:01.8970,-0.044,-0.169,-1.194,-1.02,-0.48,2.1,0.82,-1.13,-1.3,102518.837
2022-04-27 11:45:01.9070,-0.105,-0.204,-1.206,-0.54,-0.24,2.32,0.82,-1.13,-1.3,102518.837
2022-04-27 11:45:01.9170,-0.154,-0.241,-1.201,-0.1,0.04,2.36,0.88,-1.26,-1.45,102518.837
2022-04-27 11:45:01.9270,-0.191,-0.271,-1.168,0.24,0.24,2.21,0.92,-1.04,-1.58,102518.837
2022-04-27 11:45:01.9370,-0.205,-0.3,-1.105,0.39,0.46,1.69,0.93,-0.71,-1.7,102518.837
2022-04-27 11:45:01.9470,-0.21,-0.3,-1.045,0.45,0.42,1.12,0.89,-0.31,-1.77,102518.837
2022-04-27 11:45:01.9570,-0.184,-0.312,-0.998,0.35,0.37,0.63,0.81,0.06,-1.76,102518.837
2022-04-27 11:45:01.9670,-0.117,-0.323,-0.962,-0.12,0.39,0.25,0.69,0.35,-1.65,102518.837
2022-04-27 11:45:01.9770,-0.027,-0.335,-0.952,-0.87,0.43,0.05,0.69,0.35,-1.65,102518.837
2022-04-27 11:45:01.9870,0.069,-0.326,-0.974,-1.71,0.34,0.17,0.57,0.47,-1.47,102518.837
2022-04-27 11:45:01.9970,0.157,-0.316,-1.021,-2.58,0.17,0.56,0.41,0.12,-0.97,102518.837
2022-04-27 11:45:02.0070,0.174,-0.332,-1.078,-3.02,0.15,1.13,0.41,-0.16,-0.78,102518.837
2022-04-27 11:45:02.0170,0.147,-0.342,-1.102,-2.83,0.3,1.51,0.45,-0.4,-0.65,102518.837
2022-04-27 11:45:02.0270,0.094,-0.346,-1.102,-2.42,0.28,1.6,0.45,-0.4,-0.65,102518.837
2022-04-27 11:45:02.0360,0.033,-0.345,-1.091,-1.86,0.24,1.54,0.58,-0.58,-0.54,102518.837
2022-04-27 11:45:02.0460,-0.026,-0.336,-1.077,-1.29,0.11,1.46,0.58,-0.58,-0.54,102518.837
2022-04-27 11:45:02.0560,-0.066,-0.344,-1.051,-0.85,0.05,1.24,0.72,-0.36,-0.63,102518.837
2022-04-27 11:45:02.0660,-0.095,-0.349,-1.043,-0.53,0.07,1.13,0.77,-0.22,-0.71,102518.837
2022-04-27 11:45:02.0760,-0.093,-0.359,-1.024,-0.42,0.04,1.02,0.81,-0.1,-0.75,102518.837
2022-04-27 11:45:02.0860,-0.051,-0.363,-1.01,-0.68,0.05,0.87,0.81,-0.1,-0.75,102518.837
2022-04-27 11:45:02.0960,-0.021,-0.39,-0.997,-1.03,0.12,0.83,0.82,0.13,-0.67,102518.837
2022-04-27 11:45:02.1060,0.003,-0.414,-0.978,-1.29,0.31,0.63,0.77,0.17,-0.66,102518.837
2022-04-27 11:45:02.1160,-0.02,-0.424,-0.96,-1.23,0.39,0.49,0.68,0.15,-0.7,102518.837
2022-04-27 11:45:02.1260,-0.069,-0.422,-0.963,-0.66,0.35,0.46,0.59,0.25,-0.74,102518.837
2022-04-27 11:45:02.1360,-0.046,-0.405,-0.962,-0.62,0.16,0.51,0.59,0.25,-0.74,102518.837
2022-04-27 11:45:02.1460,-0.037,-0.415,-0.947,-0.74,0.06,0.43,0.44,0.44,-0.71,102518.837
2022-04-27 11:45:02.1550,-0.008,-0.442,-0.944,-0.82,0.27,0.34,0.38,0.5,-0.57,102518.837
2022-04-27 11:45:02.1650,0.037,-0.451,-0.95,-1.18,0.39,0.38,0.38,0.5,-0.57,102518.837
2022-04-27 11:45:02.1750,0.077,-0.456,-0.963,-1.56,0.41,0.52,0.33,0.49,-0.37,102518.837
2022-04-27 11:45:02.1850,0.075,-0.456,-0.968,-1.7,0.41,0.6,0.27,0.24,-0.06,102518.837
2022-04-27 11:45:02.1950,0.024,-0.448,-0.976,-1.3,0.33,0.67,0.2681449055671692,0.09,-0.03,102518.837
2022-04-27 11:45:02.2050,-0.033,-0.424,-0.977,-0.73,0.14,0.72,0.27,0.09,-0.03,102518.837
2022-04-27 11:45:02.2150,-0.087,-0.403,-0.973,-0.16,-0.14,0.72,0.29,-0.0,-0.06,104736.572
2022-04-27 11:45:02.2250,-0.118,-0.396,-0.97,0.22,-0.29,0.67,0.32,-0.05,-0.12,104736.572
2022-04-27 11:45:02.2350,-0.134,-0.41,-0.951,0.45,-0.24,0.59,0.36,-0.04,-0.16,104736.572
2022-04-27 11:45:02.2450,-0.126,-0.406,-0.938,0.46,-0.22,0.41,0.4,0.03,-0.18,104736.572
2022-04-27 11:45:02.2550,-0.105,-0.403,-0.935,0.3,-0.36,0.39,0.45,0.09,-0.17,104736.572
2022-04-27 11:45:02.2650,-0.095,-0.421,-0.924,0.13,-0.25,0.33,0.54,0.17,-0.07,104736.572
2022-04-27 11:45:02.2750,-0.109,-0.414,-0.916,0.24,-0.27,0.25,0.54,0.17,-0.07,104736.572
2022-04-27 11:45:02.2850,-0.121,-0.418,-0.917,0.37,-0.36,0.25,0.58,0.21,-0.06,104736.572
2022-04-27 11:45:02.2950,-0.152,-0.434,-0.916,0.63,-0.27,0.3,0.65,0.22,-0.13,104736.572
2022-04-27 11:45:02.3050,-0.186,-0.451,-0.905,1.0,-0.17,0.26,0.65,0.22,-0.13,104736.572
2022-04-27 11:45:02.3150,-0.201,-0.475,-0.882,1.27,-0.03,0.09,0.64,0.29,-0.27,104736.572
2022-04-27 11:45:02.3250,-0.205,-0.5,-0.864,1.34,0.18,-0.1,0.64,0.29,-0.27,104736.572
2022-04-27 11:45:02.3350,-0.221,-0.513,-0.855,1.51,0.29,-0.17,0.53,0.43,-0.45,104736.572
2022-04-27 11:45:02.3450,-0.224,-0.52,-0.84,1.68,0.34,-0.3,0.53,0.43,-0.45,104736.572
2022-04-27 11:45:02.3540,-0.208,-0.531,-0.842,1.63,0.38,-0.32,0.46,0.56,-0.51,104736.572
2022-04-27 11:45:02.3640,-0.195,-0.534,-0.842,1.57,0.42,-0.27,0.35,0.83,-0.48,104736.572
2022-04-27 11:45:02.3740,-0.182,-0.533,-0.836,1.53,0.37,-0.3,0.32,0.95,-0.46,104736.572
2022-04-27 11:45:02.3850,-0.174,-0.536,-0.832,1.54,0.38,-0.34,0.28,1.02,-0.44,104736.572
2022-04-27 11:45:02.3940,-0.169,-0.538,-0.827,1.58,0.36,-0.39,0.21,1.05,-0.45,104736.572
2022-04-27 11:45:02.4040,-0.167,-0.549,-0.827,1.68,0.42,-0.38,0.21,1.05,-0.45,104736.572
2022-04-27 11:45:02.4140,-0.158,-0.547,-0.821,1.72,0.47,-0.42,0.047993890941143036,1.02,-0.51,104736.572
2022-04-27 11:45:02.4240,-0.146,-0.545,-0.837,1.73,0.41,-0.35,0.05,1.02,-0.51,104736.572
2022-04-27 11:45:02.4340,-0.128,-0.534,-0.837,1.67,0.37,-0.26,-0.02,1.03,-0.53,104736.572
2022-04-27 11:45:02.4440,-0.12,-0.53,-0.851,1.69,0.27,-0.2,-0.1,1.05,-0.53,104736.572
2022-04-27 11:45:02.4540,-0.092,-0.534,-0.847,1.61,0.32,-0.12,-0.1,1.05,-0.53,104736.572
2022-04-27 11:45:02.4650,-0.062,-0.537,-0.839,1.42,0.37,-0.25,-0.12,1.09,-0.51,104736.572
2022-04-27 11:45:02.4740,-0.04,-0.54,-0.838,1.28,0.4,-0.25,-0.13,1.13,-0.48,104736.572
2022-04-27 11:45:02.4840,-0.027,-0.543,-0.849,1.26,0.46,-0.23,-0.15,1.14,-0.46,104736.572
2022-04-27 11:45:02.4940,-0.007,-0.534,-0.865,1.21,0.45,-0.01,-0.19,0.99,-0.51,104736.572
2022-04-27 11:45:02.5040,0.017,-0.515,-0.865,1.09,0.28,-0.03,-0.19,0.99,-0.51,104736.572
2022-04-27 11:45:02.5140,0.039,-0.507,-0.894,0.96,0.21,0.2,-0.21,0.7,-0.5,104736.572
2022-04-27 11:45:02.5240,0.052,-0.501,-0.897,0.87,0.16,0.33,-0.19,0.57,-0.48,104736.572
2022-04-27 11:45:02.5340,0.053,-0.509,-0.904,0.9,0.21,0.38,-0.19,0.57,-0.48,104736.572
2022-04-27 11:45:02.5430,0.058,-0.525,-0.898,0.95,0.36,0.35,-0.1,0.48,-0.44,104736.572
2022-04-27 11:45:02.5530,0.068,-0.543,-0.879,0.92,0.56,0.25,-0.1,0.48,-0.44,104736.572
2022-04-27 11:45:02.5630,0.097,-0.552,-0.869,0.8,0.68,0.05,-0.03,0.56,-0.44,104736.572
2022-04-27 11:45:02.5730,0.137,-0.56,-0.869,0.48,0.78,0.08,0.02,0.68,-0.43,104736.572
2022-04-27 11:45:02.5830,0.157,-0.56,-0.88,0.28,0.8,0.14,0.05,0.78,-0.38,104736.572
2022-04-27 11:45:02.5930,0.153,-0.561,-0.88,0.33,0.84,0.22,0.04,0.85,-0.34,104736.572
2022-04-27 11:45:02.6030,0.128,-0.556,-0.891,0.57,0.77,0.28,0.02,0.84,-0.35,104736.572
2022-04-27 11:45:02.6130,0.105,-0.56,-0.898,0.97,0.82,0.42,-0.02,0.83,-0.41,104736.572
2022-04-27 11:45:02.6230,0.127,-0.556,-0.88,1.0,0.85,0.34,-0.14,0.89,-0.59,104736.572
2022-04-27 11:45:02.6330,0.191,-0.538,-0.868,0.65,0.73,0.18,-0.14,0.89,-0.59,104736.572
2022-04-27 11:45:02.6430,0.287,-0.516,-0.861,-0.12,0.57,0.1,-0.19,0.97,-0.62,104736.572
2022-04-27 11:45:02.6530,0.385,-0.485,-0.881,-0.96,0.29,0.2,-0.17,1.05,-0.45,104736.572
2022-04-27 11:45:02.6630,0.472,-0.458,-0.902,-1.79,0.09,0.47,-0.11,0.98,-0.31,104736.572
2022-04-27 11:45:02.6730,0.52,-0.41,-0.916,-2.31,-0.32,0.63,-0.11,0.98,-0.31,104736.572
2022-04-27 11:45:02.6830,0.543,-0.374,-0.92,-2.53,-0.72,0.74,0.01,0.58,-0.07,104736.572
2022-04-27 11:45:02.6930,0.55,-0.348,-0.907,-2.61,-1.0,0.71,0.1,0.37,0.0,104736.572
2022-04-27 11:45:02.7030,0.549,-0.327,-0.893,-2.56,-1.23,0.55,0.21,0.17,0.06,104736.572
2022-04-27 11:45:02.7130,0.549,-0.321,-0.882,-2.56,-1.37,0.47,0.21,0.17,0.06,104736.572
2022-04-27 11:45:02.7220,0.539,-0.307,-0.862,-2.53,-1.46,0.29,0.38,-0.21,0.14,104736.572
2022-04-27 11:45:02.7330,0.512,-0.294,-0.852,-2.31,-1.67,0.19,0.46,-0.35,0.18,104736.572
2022-04-27 11:45:02.7420,0.506,-0.289,-0.818,-2.2,-1.76,-0.04,0.46,-0.35,0.18,104736.572
2022-04-27 11:45:02.7520,0.499,-0.284,-0.798,-2.19,-1.89,-0.3,0.55,-0.45,0.21,104736.572
2022-04-27 11:45:02.7620,0.486,-0.305,-0.762,-2.15,-1.84,-0.54,0.7,-0.5,0.37,104736.572
2022-04-27 11:45:02.7720,0.466,-0.318,-0.729,-2.04,-1.68,-0.91,0.77,-0.46,0.45,104736.572
2022-04-27 11:45:02.7820,0.428,-0.321,-0.701,-1.8,-1.75,-1.14,0.83,-0.43,0.49,104736.572
2022-04-27 11:45:02.7920,0.377,-0.346,-0.686,-1.4,-1.65,-1.33,0.89,-0.41,0.49,104736.572
2022-04-27 11:45:02.8020,0.315,-0.369,-0.678,-0.89,-1.46,-1.38,0.89,-0.41,0.49,104736.572
2022-04-27 11:45:02.8120,0.253,-0.377,-0.661,-0.29,-1.45,-1.48,0.96,-0.41,0.34,104736.572
2022-04-27 11:45:02.8220,0.198,-0.395,-0.64,0.17,-1.38,-1.62,0.93,-0.34,0.2,104736.572
2022-04-27 11:45:02.8320,0.163,-0.383,-0.615,0.67,-1.42,-1.86,0.88,-0.23,0.1,104736.572
2022-04-27 11:45:02.8420,0.204,-0.366,-0.62,0.46,-1.72,-1.85,0.81,-0.11,0.13,104736.572
2022-04-27 11:45:02.8520,0.248,-0.387,-0.616,-0.03,-1.72,-1.83,0.75,0.04,0.26,104736.572
2022-04-27 11:45:02.8620,0.272,-0.419,-0.615,-0.35,-1.46,-1.79,0.75,0.04,0.26,104736.572
2022-04-27 11:45:02.8720,0.275,-0.442,-0.612,-0.48,-1.27,-1.81,0.69,0.3,0.57,104736.572
2022-04-27 11:45:02.8820,0.241,-0.461,-0.645,-0.31,-1.15,-1.58,0.72,0.31,0.67,104736.572
2022-04-27 11:45:02.8910,0.176,-0.467,-0.673,0.23,-1.08,-1.19,0.78,0.22,0.7,104736.572
2022-04-27 11:45:02.9010,0.116,-0.471,-0.695,0.85,-1.14,-0.91,0.88,0.06,0.65,104736.572
2022-04-27 11:45:02.9110,0.046,-0.474,-0.695,1.43,-1.19,-0.75,0.97,-0.14,0.52,104736.572
2022-04-27 11:45:02.9210,-0.014,-0.501,-0.68,2.1,-1.12,-0.82,0.97,-0.14,0.52,104736.572
2022-04-27 11:45:02.9310,-0.042,-0.534,-0.665,2.39,-0.86,-0.93,1.03,-0.34,0.33,104736.572
2022-04-27 11:45:02.9410,-0.072,-0.559,-0.659,2.64,-0.66,-0.97,1.06,-0.54,0.11,104736.572
2022-04-27 11:45:02.9510,-0.077,-0.566,-0.661,2.76,-0.6,-0.93,1.07,-0.71,-0.13,104736.572
2022-04-27 11:45:02.9610,-0.06,-0.571,-0.647,2.61,-0.64,-0.9,1.08,-0.88,-0.34,104736.572
2022-04-27 11:45:02.9710,-0.054,-0.588,-0.633,2.44,-0.57,-1.11,1.14,-1.23,-0.63,104736.572
2022-04-27 11:45:02.9810,0.003,-0.595,-0.659,2.08,-0.53,-0.84,1.14,-1.23,-0.63,104736.572
2022-04-27 11:45:02.9910,0.025,-0.596,-0.641,1.58,-0.57,-0.85,1.19,-1.5664311647415161,-0.74,104736.572
2022-04-27 11:45:03.0010,0.05,-0.583,-0.664,1.34,-0.72,-0.78,1.24,-1.57,-0.74,104736.572
2022-04-27 11:45:03.0110,0.027,-0.568,-0.691,1.24,-0.94,-0.38,1.26,-2.01,-0.86,104736.572
2022-04-27 11:45:03.0200,-0.013,-0.542,-0.708,1.59,-1.21,-0.19,1.26,-2.16,-0.96,104736.572
2022-04-27 11:45:03.0310,-0.025,-0.517,-0.729,1.72,-1.57,0.11,1.28,-2.15,-1.05,104736.572
2022-04-27 11:45:03.0410,-0.02,-0.505,-0.695,1.61,-1.8,0.05,1.32,-2.01,-1.05,104736.572
2022-04-27 11:45:03.0520,0.004,-0.496,-0.723,1.45,-1.97,-0.09,1.45,-1.93,-0.95,104736.572
2022-04-27 11:45:03.0600,0.053,-0.51,-0.772,0.93,-2.03,0.7,1.58,-1.88,-0.78,104736.572
2022-04-27 11:45:03.0700,0.088,-0.543,-0.77,0.45,-1.85,0.84,1.74,-1.83,-0.59,104736.572
2022-04-27 11:45:03.0800,0.063,-0.567,-0.778,0.34,-1.64,0.93,1.74,-1.83,-0.59,104736.572
2022-04-27 11:45:03.0900,0.039,-0.56,-0.805,0.64,-1.73,1.28,2.05,-1.69,-0.3,104736.572
2022-04-27 11:45:03.1000,0.027,-0.563,-0.816,0.57,-1.89,1.61,2.21,-1.59,-0.21,104736.572
2022-04-27 11:45:03.1100,-0.03,-0.561,-0.811,1.0,-1.99,1.74,2.32,-1.48,-0.15,104736.572
2022-04-27 11:45:03.1200,-0.038,-0.56,-0.793,1.17,-2.2,1.78,2.32,-1.48,-0.15,104736.572
2022-04-27 11:45:03.1300,-0.023,-0.585,-0.784,1.02,-2.19,1.81,2.52,-1.33,-0.04,104736.572
2022-04-27 11:45:03.1400,-0.03,-0.62,-0.77,0.83,-1.98,1.9,2.6,-1.32,-0.02,104736.572
2022-04-27 11:45:03.1500,-0.095,-0.633,-0.739,1.26,-1.92,1.87,2.64,-1.41,-0.1,104736.572
2022-04-27 11:45:03.1600,-0.133,-0.648,-0.71,1.74,-1.93,1.73,2.62,-1.47,-0.22,104736.572
2022-04-27 11:45:03.1700,-0.135,-0.679,-0.65,1.77,-1.86,1.55,2.62,-1.47,-0.22,104736.572
2022-04-27 11:45:03.1800,-0.14,-0.712,-0.559,1.79,-1.6,0.9,2.33,-1.31,-0.39,106525.391
2022-04-27 11:45:03.1900,-0.11,-0.74,-0.466,1.58,-1.48,0.18,2.33,-1.31,-0.39,106525.391
2022-04-27 11:45:03.2000,-0.092,-0.798,-0.42,1.31,-1.11,-0.3,1.94,-0.55,-0.23,106525.391
2022-04-27 11:45:03.2100,-0.09,-0.846,-0.394,1.21,-0.61,-0.4,1.94,-0.55,-0.23,106525.391
2022-04-27 11:45:03.2190,-0.101,-0.855,-0.363,1.31,-0.47,-0.55,1.78,-0.05,-0.11,106525.391
2022-04-27 11:45:03.2300,-0.106,-0.861,-0.363,1.4,-0.52,-0.56,1.57,0.76,0.07,106525.391
2022-04-27 11:45:03.2390,-0.113,-0.876,-0.37,1.47,-0.46,-0.27,1.53,1.04,0.11,106525.391
2022-04-27 11:45:03.2490,-0.134,-0.907,-0.341,1.66,-0.28,-0.32,1.53,1.04,0.11,106525.391
2022-04-27 11:45:03.2600,-0.153,-0.937,-0.337,1.91,-0.02,-0.38,1.53,1.31,0.08,106525.391
2022-04-27 11:45:03.2690,-0.166,-0.963,-0.349,2.05,0.19,-0.07,1.53,1.31,0.08,106525.391
2022-04-27 11:45:03.2740,-0.21,-0.981,-0.334,2.42,0.36,-0.01,1.57,1.32,0.02,106525.391
2022-04-27 11:45:03.2890,-0.24,-1.011,-0.316,2.88,0.52,-0.01,1.69,1.39,-0.15,106525.391
2022-04-27 11:45:03.2990,-0.247,-1.047,-0.288,3.06,0.83,-0.07,1.7,1.5,-0.25,106525.391
2022-04-27 11:45:03.3090,-0.232,-1.068,-0.233,3.09,1.06,-0.34,1.67,1.62,-0.31,106525.391
2022-04-27 11:45:03.3190,-0.186,-1.07,-0.182,2.79,1.09,-0.75,1.67,1.62,-0.31,106525.391
2022-04-27 11:45:03.3290,-0.131,-1.078,-0.164,2.36,1.08,-0.89,1.5,1.69,-0.29,106525.391
2022-04-27 11:45:03.3390,-0.077,-1.084,-0.163,1.86,1.15,-0.79,1.39,1.55,-0.25,106525.391
2022-04-27 11:45:03.3490,-0.05,-1.071,-0.175,1.55,1.07,-0.56,1.39,1.55,-0.25,106525.391
2022-04-27 11:45:03.3550,-0.017,-1.06,-0.177,1.36,0.89,-0.34,1.3,1.27,-0.18,106525.391
2022-04-27 11:45:03.3780,0.018,-1.042,-0.171,0.82,0.48,-0.14,1.34,1.02,-0.13,106525.391
2022-04-27 11:45:03.3820,0.033,-1.017,-0.172,0.82,0.48,-0.14,1.43,0.74,-0.09,106525.391
2022-04-27 11:45:03.3880,0.059,-0.983,-0.16,0.65,0.18,-0.02,1.6,0.05,-0.04,106525.391
2022-04-27 11:45:03.3980,0.097,-0.951,-0.137,0.31,-0.21,-0.08,1.6,0.05,-0.04,106525.391
2022-04-27 11:45:03.4080,0.138,-0.932,-0.098,-0.1,-0.46,-0.24,1.64,-0.24,-0.01,106525.391
2022-04-27 11:45:03.4190,0.171,-0.929,-0.066,-0.46,-0.55,-0.47,1.65,-0.73,0.14,106525.391
2022-04-27 11:45:03.4280,0.195,-0.917,-0.023,-0.76,-0.66,-0.64,1.61,-0.98,0.24,106525.391
2022-04-27 11:45:03.4380,0.19,-0.911,0.014,-0.89,-0.76,-0.96,1.61,-0.98,0.24,106525.391
2022-04-27 11:45:03.4480,0.138,-0.89,0.051,-0.59,-0.88,-1.09,1.52,-1.31,0.33,106525.391
2022-04-27 11:45:03.4580,0.06,-0.852,0.109,0.09,-1.25,-1.54,1.39,-1.55,0.35,106525.391
2022-04-27 11:45:03.4680,-0.007,-0.824,0.151,0.77,-1.58,-1.89,1.22,-1.67,0.28,106525.391
2022-04-27 11:45:03.4780,-0.057,-0.805,0.173,1.29,-1.8,-2.12,1.04,-1.65,0.17,106525.391
2022-04-27 11:45:03.4880,-0.085,-0.783,0.177,1.64,-2.0,-2.11,0.76,-1.39,-0.02,106525.391
2022-04-27 11:45:03.4980,-0.089,-0.766,0.192,1.76,-2.21,-2.15,0.76,-1.39,-0.02,106525.391
2022-04-27 11:45:03.5070,-0.077,-0.768,0.214,1.7,-2.26,-2.28,0.62,-1.15,-0.08,106525.391
2022-04-27 11:45:03.5180,-0.049,-0.788,0.248,1.49,-2.14,-2.56,0.44,-0.87,-0.12,106525.391
2022-04-27 11:45:03.5280,-0.016,-0.82,0.27,1.18,-1.84,-2.82,-0.11,-0.45,-0.13,106525.391
2022-04-27 11:45:03.5380,0.01,-0.848,0.271,0.91,-1.56,-2.93,-0.11,-0.45,-0.13,106525.391
2022-04-27 11:45:03.5480,0.037,-0.885,0.242,0.66,-1.23,-2.81,-0.69,-0.48,-0.15,106525.391
2022-04-27 11:45:03.5580,0.054,-0.919,0.19,0.45,-0.84,-2.42,-0.69,-0.48,-0.15,106525.391
2022-04-27 11:45:03.5680,0.066,-0.929,0.124,0.35,-0.67,-1.93,-1.08,-0.74,-0.23,106525.391
2022-04-27 11:45:03.5780,0.08,-0.936,0.039,0.25,-0.6,-1.28,-1.08,-0.74,-0.23,106525.391
2022-04-27 11:45:03.5880,0.094,-0.936,-0.068,0.11,-0.54,-0.44,-1.1,-0.93,-0.27,106525.391
2022-04-27 11:45:03.5980,0.108,-0.923,-0.201,0.02,-0.62,0.68,-0.94,-0.95,-0.26,106525.391
2022-04-27 11:45:03.6070,0.128,-0.905,-0.314,-0.16,-0.77,1.82,-0.71,-0.89,-0.22,106525.391
2022-04-27 11:45:03.6170,0.133,-0.875,-0.38,-0.27,-0.99,2.55,-0.46,-0.79,-0.17,106525.391
2022-04-27 11:45:03.6270,0.134,-0.841,-0.41,-0.23,-1.36,2.91,-0.46,-0.79,-0.17,106525.391
2022-04-27 11:45:03.6370,0.164,-0.835,-0.413,-0.42,-1.51,2.99,-0.05,-0.58,0.03,106525.391
2022-04-27 11:45:03.6470,0.197,-0.841,-0.404,-0.78,-1.47,2.91,0.12,-0.57,0.17,106525.391
2022-04-27 11:45:03.6570,0.204,-0.852,-0.397,-1.0,-1.38,2.85,0.3,-0.6,0.29,106525.391
2022-04-27 11:45:03.6670,0.179,-0.861,-0.37,-0.87,-1.29,2.69,0.44,-0.64,0.35,106525.391
2022-04-27 11:45:03.6770,0.157,-0.869,-0.333,-0.66,-1.22,2.37,0.54,-0.68,0.39,106525.391
2022-04-27 11:45:03.6870,0.135,-0.875,-0.288,-0.5,-1.16,2.01,0.59,-0.67,0.39,106525.391
2022-04-27 11:45:03.6970,0.106,-0.877,-0.232,-0.31,-1.12,1.55,0.59,-0.67,0.39,106525.391
2022-04-27 11:45:03.7070,0.08,-0.88,-0.191,-0.02,-1.14,1.11,0.61,-0.49,0.29,106525.391
2022-04-27 11:45:03.7170,0.084,-0.9,-0.165,0.02,-1.01,0.88,0.58,-0.41,0.25,106525.391
2022-04-27 11:45:03.7270,0.109,-0.927,-0.135,-0.22,-0.76,0.66,0.51,-0.37,0.23,106525.391
2022-04-27 11:45:03.7370,0.116,-0.951,-0.105,-0.42,-0.52,0.4,0.51,-0.37,0.23,106525.391
2022-04-27 11:45:03.7460,0.096,-0.975,-0.081,-0.3,-0.28,0.17,0.42,-0.36,0.17,106525.391
2022-04-27 11:45:03.7560,0.085,-0.986,-0.077,-0.16,-0.12,0.08,0.32,-0.33,0.09,106525.391
2022-04-27 11:45:03.7660,0.082,-0.977,-0.077,-0.1,-0.13,0.11,0.23,-0.22,-0.05,106525.391
2022-04-27 11:45:03.7760,0.086,-0.967,-0.079,-0.12,-0.26,0.15,0.21,-0.15,-0.09,106525.391
2022-04-27 11:45:03.7860,0.092,-0.958,-0.079,-0.17,-0.34,0.17,0.21,-0.15,-0.09,106525.391
2022-04-27 11:45:03.7960,0.106,-0.95,-0.086,-0.25,-0.43,0.22,0.22,-0.01,-0.06,106525.391
2022-04-27 11:45:03.8060,0.135,-0.945,-0.097,-0.49,-0.48,0.35,0.22,-0.01,-0.06,106525.391
2022-04-27 11:45:03.8160,0.152,-0.938,-0.106,-0.73,-0.55,0.46,0.35,0.03,0.12,106525.391
2022-04-27 11:45:03.8260,0.154,-0.936,-0.109,-0.8,-0.61,0.55,0.35,0.03,0.12,106525.391
2022-04-27 11:45:03.8360,0.145,-0.949,-0.098,-0.77,-0.54,0.56,0.43,-0.0,0.18,106525.391
2022-04-27 11:45:03.8460,0.137,-0.976,-0.069,-0.69,-0.31,0.37,0.55,-0.13,0.24,106525.391
2022-04-27 11:45:03.8560,0.131,-0.998,-0.033,-0.66,-0.08,0.09,0.56,-0.21,0.23,106525.391
2022-04-27 11:45:03.8660,0.131,-1.029,0.001,-0.64,0.18,-0.2,0.51,-0.26,0.21,106525.391
2022-04-27 11:45:03.8760,0.14,-1.057,0.038,-0.73,0.49,-0.52,0.43,-0.3,0.19,106525.391
2022-04-27 11:45:03.8850,0.149,-1.078,0.064,-0.85,0.7,-0.77,0.43,-0.3,0.19,106525.391
2022-04-27 11:45:03.8960,0.151,-1.095,0.081,-0.91,0.89,-0.95,0.31,-0.31,0.16,106525.391
2022-04-27 11:45:03.9060,0.15,-1.104,0.085,-0.93,1.01,-1.03,0.18,-0.27,0.13,106525.391
2022-04-27 11:45:03.9160,0.145,-1.104,0.076,-0.9,1.04,-0.97,0.04,-0.2,0.11,106525.391
2022-04-27 11:45:03.9250,0.141,-1.095,0.055,-0.87,0.98,-0.83,-0.14,0.01,0.11,106525.391
2022-04-27 11:45:03.9350,0.138,-1.084,0.025,-0.84,0.87,-0.57,-0.16,0.1,0.14,106525.391
2022-04-27 11:45:03.9450,0.133,-1.07,-0.011,-0.82,0.75,-0.25,-0.13,0.17,0.17,106525.391
2022-04-27 11:45:03.9550,0.114,-1.049,-0.037,-0.71,0.58,0.04,-0.13,0.17,0.17,106525.391
2022-04-27 11:45:03.9650,0.096,-1.036,-0.058,-0.51,0.39,0.26,0.05,0.14,0.2,106525.391
2022-04-27 11:45:03.9750,0.096,-1.039,-0.069,-0.48,0.37,0.41,0.17,0.05,0.23,106525.391
2022-04-27 11:45:03.9850,0.099,-1.038,-0.063,-0.52,0.39,0.43,0.27,-0.08,0.27,106525.391
2022-04-27 11:45:03.9950,0.093,-1.033,-0.042,-0.55,0.35,0.3,0.27,-0.08,0.27,106525.391
2022-04-27 11:45:04.0050,0.075,-1.027,-0.021,-0.41,0.28,0.1,0.42,-0.24,0.34,106525.391
2022-04-27 11:45:04.0150,0.071,-1.031,-0.005,-0.36,0.28,-0.03,0.48,-0.29,0.38,106525.391
2022-04-27 11:45:04.0250,0.067,-1.036,0.008,-0.37,0.34,-0.13,0.48,-0.29,0.38,106525.391
2022-04-27 11:45:04.0350,0.065,-1.042,0.024,-0.4,0.39,-0.21,0.52,-0.33,0.43,106525.391
2022-04-27 11:45:04.0450,0.033,-1.044,0.048,-0.27,0.44,-0.38,0.49,-0.39,0.44,106525.391
2022-04-27 11:45:04.0550,-0.01,-1.045,0.068,0.14,0.43,-0.55,0.44,-0.34,0.4,106525.391
2022-04-27 11:45:04.0650,-0.033,-1.047,0.086,0.4,0.46,-0.69,0.4,-0.25,0.35,106525.391
2022-04-27 11:45:04.0750,-0.048,-1.042,0.098,0.53,0.42,-0.8,0.34,-0.17,0.31,106525.391
2022-04-27 11:45:04.0850,-0.053,-1.053,0.107,0.59,0.47,-0.84,0.26,-0.05,0.26,106525.391
2022-04-27 11:45:04.0950,-0.056,-1.06,0.115,0.59,0.57,-0.93,0.18,0.07,0.21,106525.391
2022-04-27 11:45:04.1050,-0.058,-1.062,0.102,0.58,0.59,-0.87,0.12,0.17,0.16,106525.391
2022-04-27 11:45:04.1150,-0.057,-1.07,0.076,0.58,0.66,-0.63,0.12,0.17,0.16,106525.391
2022-04-27 11:45:04.1240,-0.055,-1.068,0.056,0.55,0.68,-0.38,0.09,0.23,0.11,106525.391
2022-04-27 11:45:04.1340,-0.052,-1.059,0.044,0.51,0.61,-0.24,0.06,0.3,0.04,106525.391
2022-04-27 11:45:04.1440,-0.049,-1.049,0.031,0.49,0.51,-0.13,0.06,0.35,-0.05,106525.391
2022-04-27 11:45:04.1540,-0.042,-1.037,0.014,0.44,0.41,0.04,0.06,0.35,-0.05,106525.391
2022-04-27 11:45:04.1640,-0.036,-1.027,0.005,0.38,0.3,0.17,0.09,0.37,-0.08,106525.391
2022-04-27 11:45:04.1740,-0.027,-1.021,0.001,0.31,0.22,0.24,0.14,0.37,-0.12,106525.391
2022-04-27 11:45:04.1840,-0.013,-1.019,0.003,0.19,0.19,0.25,0.16,0.34,-0.12,106525.391
2022-04-27 11:45:04.1940,0.001,-1.019,0.007,0.07,0.18,0.22,0.19,0.27,-0.1,106525.391
2022-04-27 11:45:04.2040,0.011,-1.019,0.007,-0.05,0.19,0.23,0.19,0.27,-0.1,106525.391
2022-04-27 11:45:04.2140,0.009,-1.011,0.009,-0.06,0.14,0.24,0.26,0.1,-0.07,106525.391
2022-04-27 11:45:04.2240,0.002,-1.004,0.01,0.01,0.07,0.25,0.26,0.1,-0.07,106525.391
2022-04-27 11:45:04.2340,-0.004,-0.997,0.009,0.08,0.01,0.28,0.3,0.02,-0.06,106525.391
2022-04-27 11:45:04.2440,-0.006,-0.988,0.016,0.11,-0.09,0.29,0.35,-0.04,-0.05,106525.391
2022-04-27 11:45:04.2530,-0.018,-0.98,0.029,0.19,-0.16,0.21,0.36,-0.08,-0.06,106525.391
2022-04-27 11:45:04.2630,-0.035,-0.973,0.049,0.36,-0.24,0.07,0.36,-0.08,-0.06,106525.391
2022-04-27 11:45:04.2740,-0.044,-0.971,0.064,0.49,-0.27,-0.07,0.34,-0.05,-0.09,106525.391
2022-04-27 11:45:04.2780,-0.043,-0.971,0.072,0.53,-0.28,-0.14,0.26,0.05,-0.14,106525.391
2022-04-27 11:45:04.2930,-0.028,-0.972,0.074,0.45,-0.27,-0.17,0.26,0.05,-0.14,106525.391
2022-04-27 11:45:04.3030,-0.013,-0.971,0.072,0.28,-0.26,-0.14,0.19,0.14,-0.11,106525.391
2022-04-27 11:45:04.3130,-0.012,-0.969,0.063,0.24,-0.28,-0.07,0.19,0.14,-0.11,106525.391
2022-04-27 11:45:04.3230,-0.012,-0.967,0.048,0.26,-0.3,0.08,0.18,0.17,-0.09,106525.391
2022-04-27 11:45:04.3340,-0.015,-0.964,0.031,0.28,-0.32,0.28,0.27,0.17,-0.08,106525.391
2022-04-27 11:45:04.3430,-0.015,-0.957,0.025,0.3,-0.38,0.41,0.32,0.14,-0.07,106525.391
2022-04-27 11:45:04.3530,-0.017,-0.953,0.03,0.31,-0.43,0.42,0.32,0.14,-0.07,106525.391
2022-04-27 11:45:04.3630,-0.017,-0.956,0.044,0.33,-0.43,0.35,0.38,0.1,-0.06,106525.391
2022-04-27 11:45:04.3730,-0.016,-0.953,0.066,0.32,-0.41,0.2,0.44,0.01,-0.05,106525.391
2022-04-27 11:45:04.3830,-0.015,-0.949,0.092,0.32,-0.47,0.0,0.42,-0.03,-0.04,106525.391
2022-04-27 11:45:04.3930,-0.013,-0.95,0.119,0.31,-0.46,-0.23,0.37,-0.07,-0.03,106525.391
2022-04-27 11:45:04.4030,-0.013,-0.951,0.144,0.3,-0.44,-0.45,0.37,-0.07,-0.03,106525.391
2022-04-27 11:45:04.4130,-0.017,-0.943,0.163,0.33,-0.48,-0.63,0.28,-0.11,-0.04,106525.391
2022-04-27 11:45:04.4230,-0.018,-0.934,0.171,0.36,-0.57,-0.73,0.1,-0.07,-0.06,106525.391
2022-04-27 11:45:04.4330,-0.023,-0.927,0.17,0.41,-0.65,-0.74,0.1,-0.07,-0.06,106525.391
2022-04-27 11:45:04.4420,-0.023,-0.923,0.162,0.43,-0.71,-0.69,-0.01,0.1,-0.06,106525.391
2022-04-27 11:45:04.4520,-0.021,-0.925,0.151,0.42,-0.71,-0.59,-0.01,0.1,-0.06,106525.391
2022-04-27 11:45:04.4620,-0.018,-0.931,0.136,0.39,-0.65,-0.47,-0.03,0.16,-0.04,106525.391
2022-04-27 11:45:04.4720,-0.021,-0.935,0.122,0.4,-0.61,-0.31,-0.04,0.17,-0.05,106525.391
2022-04-27 11:45:04.4820,-0.023,-0.944,0.119,0.44,-0.55,-0.25,-0.04,0.17,-0.05,106525.391
2022-04-27 11:45:04.4920,-0.023,-0.955,0.121,0.45,-0.44,-0.26,-0.04,0.15,-0.06,106525.391
2022-04-27 11:45:04.5020,-0.022,-0.961,0.127,0.43,-0.36,-0.3,-0.07,0.14,-0.08,106525.391
2022-04-27 11:45:04.5120,-0.024,-0.969,0.137,0.46,-0.29,-0.4,-0.07,0.14,-0.08,106525.391
2022-04-27 11:45:04.5220,-0.026,-0.968,0.142,0.48,-0.26,-0.49,-0.13,0.17,-0.08,106525.391
2022-04-27 11:45:04.5320,-0.025,-0.967,0.133,0.5,-0.29,-0.46,-0.13,0.16,-0.05,106525.391
2022-04-27 11:45:04.5420,-0.016,-0.97,0.123,0.43,-0.27,-0.36,-0.1,0.15,-0.02,106525.391
Time,-0.015,-0.969,0.113,0.38,-0.27,-0.29,-0.1,0.15,-0.02,106525.391
2022-04-27 11:45:04.5600,-0.013,-0.976,0.101,0.38,-0.23,-0.15,-0.07,0.09,0.02,106525.391
2022-04-27 11:45:04.5700,-0.009,-0.982,0.107,0.33,-0.16,-0.16,-0.04,0.03,0.05,106525.391
2022-04-27 11:45:04.5800,-0.011,-0.984,0.109,0.31,-0.13,-0.22,-0.03,-0.03,0.08,106525.391
2022-04-27 11:45:04.5900,-0.011,-0.993,0.104,0.33,-0.08,-0.19,-0.01,-0.12,0.11,106525.391
2022-04-27 11:45:04.6000,-0.016,-0.995,0.097,0.32,0.0,-0.12,0.01,-0.2,0.14,106525.391
2022-04-27 11:45:04.6100,-0.029,-0.99,0.093,0.42,-0.05,-0.07,0.04,-0.26,0.15,106525.391
2022-04-27 11:45:04.6200,-0.037,-0.992,0.089,0.51,-0.05,-0.02,0.06,-0.31,0.16,106525.391
2022-04-27 11:45:04.6300,-0.034,-0.995,0.086,0.51,-0.02,0.03,0.1,-0.33,0.18,106525.391
2022-04-27 11:45:04.6400,-0.03,-1.001,0.089,0.43,0.02,0.03,0.14,-0.35,0.21,106525.391
2022-04-27 11:45:04.6500,-0.035,-1.007,0.098,0.42,0.08,-0.02,0.17,-0.36,0.25,106525.391
2022-04-27 11:45:04.6600,-0.043,-1.015,0.11,0.47,0.16,-0.1,0.2,-0.38,0.27,106525.391
2022-04-27 11:45:04.6700,-0.05,-1.022,0.12,0.52,0.23,-0.2,0.21,-0.41,0.28,106525.391
2022-04-27 11:45:04.6800,-0.062,-1.029,0.134,0.6,0.31,-0.29,0.18,-0.44,0.26,106525.391
2022-04-27 11:45:04.6900,-0.075,-1.033,0.149,0.71,0.36,-0.44,0.14,-0.44,0.23,106525.391
2022-04-27 11:45:04.7000,-0.079,-1.033,0.157,0.77,0.37,-0.54,0.07,-0.42,0.2,106525.391
2022-04-27 11:45:04.7100,-0.077,-1.03,0.158,0.75,0.35,-0.58,-0.01,-0.36,0.16,106525.391
2022-04-27 11:45:04.7200,-0.077,-1.026,0.145,0.73,0.31,-0.51,-0.08,-0.28,0.14,106525.391
2022-04-27 11:45:04.7300,-0.082,-1.023,0.132,0.76,0.27,-0.38,-0.14,-0.2,0.11,106525.391
2022-04-27 11:45:04.7400,-0.083,-1.023,0.118,0.78,0.26,-0.28,-0.19,-0.12,0.08,106525.391
2022-04-27 11:45:04.7500,-0.075,-1.027,0.097,0.73,0.29,-0.11,-0.22,-0.05,0.05,106525.391
2022-04-27 11:45:04.7590,-0.067,-1.032,0.079,0.64,0.33,0.06,-0.24,0.01,0.02,106525.391
2022-04-27 11:45:04.7690,-0.054,-1.037,0.06,0.54,0.38,0.21,-0.24,0.04,0.01,106525.391
2022-04-27 11:45:04.7800,-0.045,-1.038,0.035,0.41,0.42,0.41,-0.21,0.03,0.0,106525.391
2022-04-27 11:45:04.7890,-0.044,-1.031,0.013,0.39,0.35,0.63,-0.16,0.0,-0.01,106525.391
2022-04-27 11:45:04.7990,-0.045,-1.027,-0.003,0.39,0.31,0.79,-0.08,-0.05,-0.01,106525.391
2022-04-27 11:45:04.8090,-0.046,-1.015,-0.014,0.4,0.23,0.94,0.02,-0.12,-0.02,106525.391
2022-04-27 11:45:04.8190,-0.049,-1.008,-0.012,0.44,0.12,0.97,0.13,-0.19,-0.03,106525.391
2022-04-27 11:45:04.8290,-0.046,-1.007,-0.002,0.43,0.1,0.92,0.25,-0.25,-0.05,106525.391
2022-04-27 11:45:04.8390,-0.039,-1.006,0.02,0.39,0.1,0.79,0.34,-0.3,-0.05,106525.391
2022-04-27 11:45:04.8490,-0.031,-1.005,0.052,0.31,0.09,0.53,0.4,-0.33,-0.06,106525.391
2022-04-27 11:45:04.8590,-0.026,-1.006,0.084,0.26,0.09,0.25,0.41,-0.34,-0.06,106525.391
2022-04-27 11:45:04.8690,-0.028,-1.009,0.11,0.26,0.13,0.0,0.38,-0.34,-0.06,106525.391
2022-04-27 11:45:04.8790,-0.031,-1.008,0.128,0.31,0.14,-0.18,0.34,-0.31,-0.08,106525.391
2022-04-27 11:45:04.8890,-0.031,-1.004,0.133,0.33,0.11,-0.24,0.29,-0.25,-0.11,106525.391
2022-04-27 11:45:04.8990,-0.036,-0.997,0.129,0.37,0.05,-0.21,0.25,-0.19,-0.14,106525.391
2022-04-27 11:45:04.9080,-0.036,-0.99,0.122,0.42,-0.01,-0.14,0.22,-0.12,-0.17,106525.391
2022-04-27 11:45:04.9180,-0.031,-0.985,0.114,0.41,-0.07,-0.02,0.21,-0.09,-0.21,106525.391
2022-04-27 11:45:04.9280,-0.024,-0.983,0.111,0.36,-0.1,0.04,0.21,-0.07,-0.23,106525.391
2022-04-27 11:45:04.9390,-0.023,-0.98,0.11,0.34,-0.12,0.08,0.21,-0.07,-0.25,106525.391
2022-04-27 11:45:04.9480,-0.03,-0.972,0.113,0.41,-0.17,0.08,0.21,-0.07,-0.28,106525.391
2022-04-27 11:45:04.9580,-0.035,-0.96,0.113,0.51,-0.28,0.09,0.22,-0.07,-0.31,106525.391
2022-04-27 11:45:04.9680,-0.034,-0.95,0.122,0.56,-0.39,0.07,0.23,-0.04,-0.36,106525.391
2022-04-27 11:45:04.9780,-0.018,-0.948,0.134,0.51,-0.43,-0.04,0.24,-0.01,-0.39,106525.391
2022-04-27 11:45:04.9880,0.002,-0.952,0.147,0.35,-0.4,-0.13,0.22,0.01,-0.4,106525.391
2022-04-27 11:45:04.9980,0.019,-0.954,0.156,0.2,-0.37,-0.24,0.2,0.03,-0.39,106525.391
2022-04-27 11:45:05.0080,0.026,-0.954,0.154,0.13,-0.36,-0.23,0.19,0.03,-0.37,106525.391
2022-04-27 11:45:05.0180,0.034,-0.95,0.145,0.1,-0.39,-0.15,0.18,-0.0,-0.36,106525.391
2022-04-27 11:45:05.0280,0.037,-0.945,0.139,0.07,-0.42,-0.04,0.2,-0.04,-0.34,106525.391
2022-04-27 11:45:05.0380,0.034,-0.939,0.145,0.12,-0.47,-0.05,0.23,-0.06,-0.33,106525.391
2022-04-27 11:45:05.0480,0.032,-0.939,0.147,0.19,-0.51,-0.06,0.25,-0.08,-0.32,106525.391
2022-04-27 11:45:05.0580,0.044,-0.937,0.161,0.15,-0.48,-0.11,0.27,-0.09,-0.31,106525.391
2022-04-27 11:45:05.0680,0.057,-0.929,0.174,0.05,-0.57,-0.25,0.27,-0.08,-0.3,106525.391
2022-04-27 11:45:05.0780,0.073,-0.933,0.181,-0.07,-0.56,-0.3,0.25,-0.09,-0.28,106525.391
2022-04-27 11:45:05.0880,0.088,-0.936,0.191,-0.19,-0.51,-0.37,0.24,-0.08,-0.25,106525.391
2022-04-27 11:45:05.0980,0.099,-0.933,0.194,-0.31,-0.51,-0.42,0.23,-0.08,-0.2,106525.391
2022-04-27 11:45:05.1080,0.106,-0.93,0.19,-0.37,-0.54,-0.38,0.23,-0.09,-0.15,106394.096
2022-04-27 11:45:05.1170,0.108,-0.923,0.184,-0.4,-0.59,-0.28,0.25,-0.12,-0.09,106394.096
2022-04-27 11:45:05.1270,0.109,-0.913,0.188,-0.39,-0.67,-0.28,0.3,-0.11,-0.04,106394.096
2022-04-27 11:45:05.1370,0.112,-0.91,0.185,-0.42,-0.73,-0.25,0.35,-0.15,0.02,106394.096
Time,0.117,-0.905,0.189,-0.47,-0.77,-0.2,0.4,-0.21,0.08,106394.096
2022-04-27 11:45:05.1520,0.121,-0.903,0.204,-0.52,-0.78,-0.3,0.46,-0.26,0.13,106394.096
2022-04-27 11:45:05.1680,0.117,-0.893,0.213,-0.54,-0.84,-0.35,0.51,-0.32,0.18,106394.096
2022-04-27 11:45:05.1770,0.11,-0.887,0.228,-0.47,-0.93,-0.43,0.54,-0.38,0.22,106394.096
2022-04-27 11:45:05.1870,0.101,-0.897,0.244,-0.41,-0.89,-0.54,0.56,-0.44,0.25,106394.096
2022-04-27 11:45:05.1970,0.094,-0.913,0.255,-0.35,-0.72,-0.62,0.56,-0.5,0.27,106394.096
2022-04-27 11:45:05.2070,0.09,-0.925,0.262,-0.32,-0.58,-0.65,0.54,-0.52,0.27,106394.096
2022-04-27 11:45:05.2170,0.084,-0.942,0.262,-0.28,-0.44,-0.63,0.53,-0.5,0.28,106394.096
2022-04-27 11:45:05.2270,0.083,-0.966,0.254,-0.27,-0.2,-0.53,0.52,-0.48,0.28,106394.096
2022-04-27 11:45:05.2370,0.075,-0.976,0.247,-0.25,-0.03,-0.41,0.51,-0.48,0.28,106394.096
2022-04-27 11:45:05.2470,0.064,-0.979,0.245,-0.17,0.02,-0.32,0.51,-0.49,0.28,106394.096
Time,0.048,-0.975,0.247,-0.04,0.02,-0.29,0.51,-0.53,0.27,106394.096
Time,0.027,-0.968,0.261,0.14,-0.04,-0.33,0.49,-0.57,0.24,106394.096
2022-04-27 11:45:05.2770,0.004,-0.961,0.278,0.36,-0.09,-0.46,0.46,-0.57,0.17,106394.096
2022-04-27 11:45:05.2860,-0.013,-0.955,0.292,0.56,-0.16,-0.57,0.39,-0.55,0.1,106394.096
2022-04-27 11:45:05.2960,-0.014,-0.953,0.301,0.65,-0.19,-0.66,0.29,-0.51,0.02,106394.096
Time,-0.003,-0.955,0.301,0.58,-0.18,-0.68,0.19,-0.44,-0.02,106394.096
2022-04-27 11:45:05.3160,0.01,-0.961,0.291,0.46,-0.12,-0.61,0.11,-0.36,-0.05,106394.096
2022-04-27 11:45:05.3260,0.018,-0.966,0.27,0.36,-0.06,-0.44,0.06,-0.28,-0.04,106394.096
2022-04-27 11:45:05.3360,0.017,-0.971,0.249,0.36,-0.02,-0.21,0.05,-0.21,-0.04,106394.096
Time,0.015,-0.976,0.237,0.37,0.02,-0.06,0.06,-0.17,-0.03,106394.096
2022-04-27 11:45:05.3560,0.014,-0.985,0.234,0.41,0.11,0.02,0.06,-0.15,-0.05,106394.096
2022-04-27 11:45:05.3660,0.015,-0.992,0.239,0.41,0.19,-0.01,0.07,-0.16,-0.08,106394.096
2022-04-27 11:45:05.3760,0.018,-0.998,0.247,0.4,0.25,-0.08,0.05,-0.19,-0.11,106394.096
2022-04-27 11:45:05.3860,0.018,-0.999,0.254,0.4,0.29,-0.16,0.03,-0.21,-0.15,106394.096
Time,0.019,-0.997,0.263,0.43,0.26,-0.23,0.01,-0.22,-0.19,106394.096
2022-04-27 11:45:05.4050,0.019,-0.998,0.272,0.44,0.27,-0.34,-0.02,-0.2,-0.21,106394.096
2022-04-27 11:45:05.4150,0.023,-1.0,0.275,0.46,0.28,-0.38,-0.06,-0.16,-0.23,106394.096
2022-04-27 11:45:05.4260,0.031,-1.002,0.279,0.41,0.31,-0.43,-0.1,-0.12,-0.24,106394.096
Time,0.041,-1.002,0.279,0.34,0.31,-0.47,-0.15,-0.08,-0.24,106394.096
2022-04-27 11:45:05.4460,0.052,-1.0,0.277,0.27,0.3,-0.46,-0.19,-0.05,-0.25,106394.096
2022-04-27 11:45:05.4550,0.064,-0.992,0.274,0.18,0.24,-0.47,-0.24,-0.05,-0.25,106394.096
Time,0.077,-0.984,0.267,0.06,0.15,-0.44,-0.29,-0.06,-0.24,106394.096
2022-04-27 11:45:05.4750,0.091,-0.975,0.257,-0.03,0.06,-0.39,-0.32,-0.1,-0.22,106394.096
2022-04-27 11:45:05.4860,0.107,-0.972,0.244,-0.17,0.0,-0.31,-0.34,-0.14,-0.19,106394.096
Time,0.112,-0.969,0.221,-0.26,-0.03,-0.16,-0.34,-0.22,-0.13,106394.096
Time,0.105,-0.966,0.198,-0.21,-0.06,0.05,-0.3,-0.29,-0.06,106394.096
2022-04-27 11:45:05.5150,0.091,-0.961,0.179,-0.09,-0.12,0.22,-0.24,-0.35,-0.01,106394.096
2022-04-27 11:45:05.5250,0.076,-0.96,0.17,0.07,-0.14,0.34,-0.18,-0.4,0.03,106394.096
2022-04-27 11:45:05.5350,0.064,-0.96,0.174,0.2,-0.16,0.31,-0.13,-0.41,0.05,106394.096
2022-04-27 11:45:05.5440,0.058,-0.965,0.171,0.3,-0.12,0.3,-0.08,-0.41,0.06,106394.096
2022-04-27 11:45:05.5540,0.061,-0.973,0.176,0.3,-0.05,0.29,-0.04,-0.41,0.07,106394.096
Time,0.064,-0.975,0.182,0.25,-0.01,0.2,-0.02,-0.41,0.09,106394.096
2022-04-27 11:45:05.5740,0.057,-0.974,0.181,0.29,-0.02,0.19,-0.01,-0.43,0.1,106394.096
2022-04-27 11:45:05.5850,0.049,-0.971,0.176,0.37,-0.03,0.22,0.02,-0.45,0.11,106394.096
Time,0.039,-0.966,0.171,0.45,-0.08,0.27,0.05,-0.47,0.11,106394.096
2022-04-27 11:45:05.6040,0.031,-0.966,0.169,0.55,-0.1,0.3,0.08,-0.48,0.09,106394.096
2022-04-27 11:45:05.6140,0.028,-0.963,0.17,0.59,-0.11,0.31,0.11,-0.47,0.08,106394.096
2022-04-27 11:45:05.6250,0.031,-0.961,0.173,0.59,-0.14,0.29,0.14,-0.45,0.06,106394.096
2022-04-27 11:45:05.6350,0.041,-0.962,0.175,0.52,-0.14,0.28,0.15,-0.42,0.06,106394.096
2022-04-27 11:45:05.6450,0.049,-0.96,0.179,0.42,-0.14,0.27,0.17,-0.39,0.08,106394.096
2022-04-27 11:45:05.6550,0.051,-0.953,0.185,0.38,-0.19,0.23,0.19,-0.38,0.1,106394.096
2022-04-27 11:45:05.6640,0.05,-0.946,0.19,0.38,-0.26,0.19,0.21,-0.38,0.11,106394.096
Time,0.053,-0.941,0.2,0.36,-0.31,0.13,0.23,-0.41,0.12,106394.096
2022-04-27 11:45:05.6840,0.054,-0.941,0.211,0.34,-0.32,0.04,0.25,-0.46,0.12,106394.096
2022-04-27 11:45:05.6940,0.056,-0.94,0.225,0.33,-0.32,-0.06,0.26,-0.52,0.12,106394.096
2022-04-27 11:45:05.7040,0.055,-0.94,0.247,0.31,-0.34,-0.24,0.26,-0.52,0.12,106394.096
2022-04-27 11:45:05.7140,0.049,-0.948,0.253,0.37,-0.27,-0.35,0.25,-0.54,0.12,106394.096
2022-04-27 11:45:05.7240,0.049,-0.949,0.261,0.4,-0.23,-0.38,0.23,-0.54,0.12,106394.096
2022-04-27 11:45:05.7340,0.048,-0.949,0.273,0.39,-0.23,-0.49,0.2,-0.52,0.11,106394.096
2022-04-27 11:45:05.7440,0.045,-0.953,0.278,0.42,-0.2,-0.54,0.17,-0.5,0.1,106394.096
2022-04-27 11:45:05.7540,0.044,-0.954,0.285,0.44,-0.17,-0.6,0.14,-0.46,0.08,106394.096
2022-04-27 11:45:05.7640,0.045,-0.953,0.29,0.43,-0.18,-0.65,0.11,-0.43,0.06,106394.096
2022-04-27 11:45:05.7740,0.049,-0.952,0.293,0.42,-0.19,-0.69,0.08,-0.39,0.04,106394.096
2022-04-27 11:45:05.7840,0.06,-0.953,0.295,0.34,-0.18,-0.71,0.04,-0.36,0.03,106394.096
2022-04-27 11:45:05.7930,0.067,-0.953,0.297,0.26,-0.17,-0.73,0.02,-0.33,0.03,106394.096
2022-04-27 11:45:05.8030,0.077,-0.949,0.299,0.17,-0.2,-0.76,-0.0,-0.31,0.02,106394.096
2022-04-27 11:45:05.8140,0.081,-0.948,0.298,0.11,-0.24,-0.76,-0.03,-0.29,0.02,106394.096
2022-04-27 11:45:05.8230,0.085,-0.949,0.3,0.09,-0.21,-0.77,-0.04,-0.28,0.01,106394.096
2022-04-27 11:45:05.8330,0.089,-0.946,0.301,0.05,-0.24,-0.8,-0.07,-0.3,0.01,106394.096
2022-04-27 11:45:05.8430,0.101,-0.946,0.321,-0.03,-0.26,-0.92,-0.11,-0.26,-0.01,106394.096
2022-04-27 11:45:05.8530,0.102,-0.95,0.331,-0.1,-0.24,-1.12,-0.18,-0.2,-0.02,106394.096
2022-04-27 11:45:05.8630,0.113,-0.952,0.329,-0.12,-0.2,-1.16,-0.29,-0.16,0.0,106394.096
2022-04-27 11:45:05.8730,0.117,-0.942,0.333,-0.23,-0.28,-1.16,-0.42,-0.12,0.03,106394.096
2022-04-27 11:45:05.8830,0.117,-0.951,0.326,-0.23,-0.28,-1.31,-0.52,-0.06,0.06,106394.096
2022-04-27 11:45:05.8930,0.113,-0.955,0.273,-0.21,-0.19,-0.93,-0.57,-0.09,0.11,106394.096
2022-04-27 11:45:05.9030,0.097,-0.948,0.246,-0.15,-0.28,-0.59,-0.59,-0.18,0.13,106394.096
2022-04-27 11:45:05.9130,0.056,-0.95,0.208,0.21,-0.29,-0.38,-0.6,-0.22,0.11,106394.096
2022-04-27 11:45:05.9230,0.058,-0.958,0.185,0.37,-0.24,-0.1,-0.56,-0.25,0.07,106394.096
2022-04-27 11:45:05.9320,0.052,-0.95,0.164,0.33,-0.26,0.01,-0.48,-0.3,0.05,106394.096
Time,0.039,-0.947,0.135,0.49,-0.34,0.25,-0.39,-0.36,0.03,106394.096
2022-04-27 11:45:05.9530,0.043,-0.945,0.119,0.49,-0.35,0.44,-0.28,-0.41,0.02,106394.096
2022-04-27 11:45:05.9630,0.045,-0.935,0.123,0.46,-0.43,0.44,-0.16,-0.43,0.02,106394.096
Time,0.044,-0.935,0.129,0.47,-0.48,0.37,-0.06,-0.45,0.03,106394.096
Time,0.047,-0.943,0.147,0.47,-0.42,0.24,0.0,-0.44,0.03,106394.096
Time,0.057,-0.95,0.172,0.4,-0.35,0.01,0.04,-0.44,0.03,106394.096
2022-04-27 11:45:06.0020,0.069,-0.958,0.197,0.28,-0.28,-0.24,0.05,-0.42,0.03,106394.096
2022-04-27 11:45:06.0120,0.081,-0.974,0.213,0.17,-0.15,-0.45,0.04,-0.4,0.04,106394.096
2022-04-27 11:45:06.0230,0.091,-0.981,0.22,0.06,-0.03,-0.54,0.0,-0.39,0.05,106394.096
Time,0.096,-0.984,0.226,-0.01,0.0,-0.61,-0.04,-0.37,0.04,106394.096
Time,0.103,-0.987,0.226,-0.06,0.02,-0.65,-0.08,-0.37,0.03,106394.096
2022-04-27 11:45:06.0520,0.114,-0.991,0.222,-0.15,0.07,-0.63,-0.11,-0.36,0.03,106394.096
2022-04-27 11:45:06.0620,0.122,-0.988,0.212,-0.25,0.06,-0.58,-0.15,-0.35,0.02,106394.096
2022-04-27 11:45:06.0720,0.131,-0.981,0.198,-0.32,0.0,-0.47,-0.18,-0.34,0.03,105027.466
2022-04-27 11:45:06.0820,0.139,-0.979,0.188,-0.41,-0.04,-0.37,-0.19,-0.34,0.03,105027.466
2022-04-27 11:45:06.0920,0.144,-0.976,0.174,-0.47,-0.07,-0.29,-0.2,-0.36,0.04,105027.466
2022-04-27 11:45:06.1020,0.145,-0.973,0.16,-0.48,-0.1,-0.16,-0.2,-0.4,0.04,105027.466
2022-04-27 11:45:06.1120,0.15,-0.969,0.148,-0.5,-0.14,-0.07,-0.19,-0.44,0.03,105027.466
2022-04-27 11:45:06.1220,0.158,-0.964,0.135,-0.58,-0.19,0.04,-0.18,-0.47,0.03,105027.466
2022-04-27 11:45:06.1310,0.164,-0.962,0.126,-0.64,-0.23,0.12,-0.15,-0.48,0.03,105027.466
2022-04-27 11:45:06.1410,0.171,-0.964,0.12,-0.71,-0.22,0.17,-0.12,-0.45,0.05,105027.466
2022-04-27 11:45:06.1510,0.178,-0.968,0.113,-0.78,-0.19,0.22,-0.09,-0.41,0.07,105027.466
Time,0.181,-0.97,0.107,-0.83,-0.17,0.28,-0.06,-0.37,0.1,105027.466
2022-04-27 11:45:06.1710,0.183,-0.975,0.102,-0.85,-0.13,0.32,-0.03,-0.31,0.12,105027.466
2022-04-27 11:45:06.1810,0.179,-0.973,0.098,-0.86,-0.12,0.36,0.01,-0.27,0.12,105027.466
2022-04-27 11:45:06.1920,0.164,-0.973,0.095,-0.76,-0.15,0.4,0.05,-0.23,0.12,105027.466
2022-04-27 11:45:06.2010,0.148,-0.987,0.098,-0.6,-0.05,0.41,0.09,-0.2,0.1,105027.466
2022-04-27 11:45:06.2110,0.136,-1.0,0.108,-0.47,0.1,0.34,0.12,-0.16,0.07,105027.466
2022-04-27 11:45:06.2210,0.13,-1.008,0.119,-0.38,0.19,0.23,0.12,-0.14,0.03,105027.466
2022-04-27 11:45:06.2310,0.129,-1.016,0.127,-0.36,0.26,0.15,0.12,-0.1,-0.0,105027.466
2022-04-27 11:45:06.2410,0.127,-1.021,0.134,-0.35,0.34,0.09,0.1,-0.08,-0.03,105027.466
Time,0.122,-1.022,0.135,-0.31,0.35,0.06,0.1,-0.06,-0.06,105027.466
2022-04-27 11:45:06.2610,0.114,-1.019,0.133,-0.23,0.34,0.09,0.09,-0.04,-0.08,105027.466
2022-04-27 11:45:06.2710,0.104,-1.012,0.131,-0.12,0.28,0.11,0.08,-0.04,-0.11,105027.466
2022-04-27 11:45:06.2810,0.094,-1.004,0.127,-0.01,0.22,0.15,0.08,-0.05,-0.14,105027.466
2022-04-27 11:45:06.2900,0.081,-0.996,0.124,0.12,0.14,0.19,0.08,-0.07,-0.17,105027.466
2022-04-27 11:45:06.3010,0.075,-0.985,0.127,0.24,0.04,0.2,0.09,-0.08,-0.2,105027.466
2022-04-27 11:45:06.3110,0.073,-0.977,0.133,0.29,-0.04,0.14,0.09,-0.1,-0.22,105027.466
2022-04-27 11:45:06.3200,0.077,-0.97,0.142,0.3,-0.11,0.08,0.08,-0.1,-0.24,105027.466
Time,0.083,-0.962,0.153,0.28,-0.18,-0.03,0.06,-0.1,-0.25,105027.466
2022-04-27 11:45:06.3410,0.092,-0.955,0.162,0.21,-0.25,-0.13,0.02,-0.09,-0.25,105027.466
Time,0.094,-0.953,0.168,0.19,-0.29,-0.21,-0.03,-0.07,-0.25,105027.466
2022-04-27 11:45:06.3600,0.092,-0.947,0.164,0.22,-0.32,-0.21,-0.07,-0.04,-0.24,105027.466
2022-04-27 11:45:06.3700,0.091,-0.932,0.159,0.25,-0.43,-0.18,-0.11,0.0,-0.23,105027.466
2022-04-27 11:45:06.3800,0.083,-0.905,0.151,0.31,-0.66,-0.12,-0.12,0.04,-0.21,105027.466
2022-04-27 11:45:06.3900,0.077,-0.882,0.148,0.43,-0.93,-0.08,-0.12,0.07,-0.2,105027.466
2022-04-27 11:45:06.4000,0.081,-0.874,0.144,0.43,-1.06,-0.08,-0.11,0.08,-0.2,105027.466
Time,0.089,-0.879,0.137,0.38,-1.05,-0.01,-0.11,0.06,-0.2,105027.466
2022-04-27 11:45:06.4200,0.103,-0.896,0.129,0.27,-0.92,0.06,-0.1,0.02,-0.2,105027.466
2022-04-27 11:45:06.4300,0.111,-0.922,0.129,0.19,-0.7,0.08,-0.06,0.01,-0.21,105027.466
Time,0.12,-0.943,0.131,0.14,-0.45,0.08,-0.02,0.02,-0.22,105027.466
2022-04-27 11:45:06.4500,0.124,-0.955,0.14,0.1,-0.31,-0.01,0.0,0.04,-0.24,105027.466
2022-04-27 11:45:06.4600,0.136,-0.969,0.142,0.04,-0.18,-0.05,0.01,0.03,-0.24,105027.466
2022-04-27 11:45:06.4700,0.153,-0.977,0.145,-0.1,-0.06,-0.07,0.01,0.02,-0.23,105027.466
2022-04-27 11:45:06.4800,0.164,-0.975,0.148,-0.21,-0.05,-0.1,0.02,-0.03,-0.21,105027.466
2022-04-27 11:45:06.4900,0.175,-0.974,0.149,-0.3,-0.06,-0.12,0.03,-0.11,-0.18,105027.466
Time,0.171,-0.971,0.15,-0.33,-0.08,-0.13,0.04,-0.21,-0.16,105027.466
2022-04-27 11:45:06.5100,0.149,-0.962,0.158,-0.13,-0.14,-0.17,0.04,-0.29,-0.17,105027.466
2022-04-27 11:45:06.5200,0.134,-0.957,0.163,0.08,-0.22,-0.26,0.04,-0.31,-0.2,105027.466
2022-04-27 11:45:06.5290,0.125,-0.952,0.16,0.2,-0.25,-0.25,0.03,-0.31,-0.22,105027.466
2022-04-27 11:45:06.5390,0.121,-0.946,0.156,0.3,-0.31,-0.21,0.01,-0.3,-0.24,105027.466
Time,0.126,-0.942,0.148,0.3,-0.35,-0.16,0.01,-0.26,-0.23,105027.466
Time,0.136,-0.94,0.139,0.24,-0.37,-0.07,0.01,-0.22,-0.21,105027.466
2022-04-27 11:45:06.5690,0.151,-0.942,0.132,0.13,-0.37,0.0,0.03,-0.2,-0.18,105027.466
2022-04-27 11:45:06.5790,0.171,-0.951,0.112,-0.03,-0.31,0.13,0.09,-0.26,-0.13,105027.466
Time,0.183,-0.953,0.101,-0.2,-0.23,0.38,0.22,-0.5,-0.07,105027.466
Time,0.178,-0.943,0.127,-0.16,-0.32,0.15,0.34,-0.71,-0.04,105027.466
2022-04-27 11:45:06.6080,0.172,-0.957,0.132,-0.13,-0.24,0.18,0.47,-1.01,-0.03,105027.466
2022-04-27 11:45:06.6190,0.142,-0.959,0.201,0.13,-0.17,-0.28,0.52,-1.15,-0.11,105027.466
2022-04-27 11:45:06.6290,0.147,-0.967,0.254,0.3,-0.11,-0.89,0.46,-1.16,-0.14,105027.466
2022-04-27 11:45:06.6380,0.184,-0.975,0.289,0.02,-0.03,-1.26,0.35,-1.02,-0.1,105027.466
2022-04-27 11:45:06.6490,0.211,-0.982,0.307,-0.3,0.08,-1.51,0.19,-0.77,-0.01,105027.466
2022-04-27 11:45:06.6590,0.223,-0.969,0.303,-0.43,0.01,-1.52,0.04,-0.64,0.12,105027.466
2022-04-27 11:45:06.6680,0.254,-0.974,0.306,-0.69,-0.05,-1.58,-0.13,-0.46,0.2,105027.466
2022-04-27 11:45:06.6780,0.266,-0.989,0.281,-0.94,0.09,-1.46,-0.31,-0.42,0.28,105027.466
Time,0.242,-1.009,0.257,-0.85,0.22,-1.25,-0.5,-0.47,0.33,105027.466
2022-04-27 11:45:06.6980,0.203,-1.025,0.222,-0.54,0.44,-1.04,-0.67,-0.48,0.32,105027.466
2022-04-27 11:45:06.7080,0.143,-1.01,0.184,-0.06,0.37,-0.73,-0.78,-0.5,0.28,105027.466
2022-04-27 11:45:06.7180,0.091,-0.986,0.138,0.52,0.16,-0.43,-0.8,-0.49,0.19,105027.466
2022-04-27 11:45:06.7290,0.075,-0.957,0.072,0.83,-0.16,0.09,-0.71,-0.47,0.06,105027.466
2022-04-27 11:45:06.7380,0.101,-0.948,0.025,0.73,-0.31,0.61,-0.55,-0.48,-0.04,105027.466
2022-04-27 11:45:06.7480,0.149,-0.946,0.019,0.31,-0.37,0.76,-0.37,-0.5,-0.08,105027.466
2022-04-27 11:45:06.7580,0.191,-0.963,0.029,-0.12,-0.28,0.66,-0.25,-0.56,-0.08,105027.466
2022-04-27 11:45:06.7680,0.241,-0.986,0.035,-0.56,-0.04,0.52,-0.15,-0.69,-0.03,105027.466
2022-04-27 11:45:06.7780,0.284,-0.993,0.027,-1.05,0.09,0.58,-0.03,-0.91,0.05,105027.466
2022-04-27 11:45:06.7880,0.297,-0.983,0.053,-1.28,0.04,0.46,0.11,-1.11,0.16,105027.466
2022-04-27 11:45:06.7980,0.286,-0.985,0.089,-1.29,0.01,0.05,0.3,-1.23,0.3,105027.466
2022-04-27 11:45:06.8090,0.239,-0.983,0.14,-0.98,0.0,-0.23,0.27,-1.35,0.44,105027.466
2022-04-27 11:45:06.8180,0.172,-0.989,0.213,-0.43,0.02,-1.05,0.18,-1.27,0.52,105027.466
2022-04-27 11:45:06.8280,0.094,-0.993,0.217,0.29,0.06,-1.33,0.07,-1.17,0.5,105027.466
2022-04-27 11:45:06.8370,0.036,-1.002,0.201,0.92,0.13,-1.2,-0.02,-1.09,0.41,105027.466
2022-04-27 11:45:06.8470,-0.002,-0.996,0.188,1.34,0.14,-1.1,-0.08,-0.98,0.28,105027.466
2022-04-27 11:45:06.8570,-0.018,-0.984,0.163,1.57,0.01,-0.92,-0.12,-0.87,0.14,105027.466
2022-04-27 11:45:06.8680,-0.02,-0.983,0.139,1.65,-0.05,-0.7,-0.18,-0.78,0.01,105027.466
2022-04-27 11:45:06.8770,0.004,-0.993,0.111,1.51,0.02,-0.49,-0.21,-0.68,-0.08,105027.466
2022-04-27 11:45:06.8870,0.029,-1.01,0.069,1.25,0.15,-0.15,-0.24,-0.61,-0.14,105027.466
2022-04-27 11:45:06.8970,0.045,-1.021,0.03,1.1,0.31,0.23,-0.26,-0.61,-0.18,105027.466
2022-04-27 11:45:06.9070,0.076,-1.023,0.005,0.9,0.35,0.5,-0.2,-0.62,-0.2,105027.466
2022-04-27 11:45:06.9170,0.117,-1.01,-0.007,0.53,0.32,0.65,-0.09,-0.6,-0.18,105027.466
2022-04-27 11:45:06.9270,0.146,-0.98,-0.009,0.2,0.04,0.69,0.02,-0.58,-0.13,105027.466
2022-04-27 11:45:06.9370,0.164,-0.978,0.004,0.2,0.04,0.69,0.14,-0.5,-0.05,105027.466
